
Running benchmark with request rate: 50.0

WARNING It is recommended to use the `Chat` or `Instruct` model for benchmarking.
Because when the tokenizer counts the output tokens, if there is gibberish, it might count incorrectly.

Namespace(backend='vllm', base_url=None, host='0.0.0.0', port=8010, dataset_name='sharegpt', dataset_path='', model='mistralai/Mistral-7B-v0.1', tokenizer=None, num_prompts=30000, request_rate=50.0, seed=1, multi=False, output_file=None, disable_tqdm=False, disable_stream=False, disable_ignore_eos=False, extra_request_body=None, window=100.0, config_file='configs/1_tier_config.yaml', request_rates='50,25,50')

True
Tokenizer: LlamaTokenizerFast(name_or_path='mistralai/Mistral-7B-v0.1', vocab_size=32000, model_max_length=1000000000000000019884624838656, is_fast=True, padding_side='left', truncation_side='right', special_tokens={'bos_token': '<s>', 'eos_token': '</s>', 'unk_token': '<unk>'}, clean_up_tokenization_spaces=False, added_tokens_decoder={
	0: AddedToken("<unk>", rstrip=False, lstrip=False, single_word=False, normalized=False, special=True),
	1: AddedToken("<s>", rstrip=False, lstrip=False, single_word=False, normalized=False, special=True),
	2: AddedToken("</s>", rstrip=False, lstrip=False, single_word=False, normalized=False, special=True),
}
)
Tokenizer_id: mistralai/Mistral-7B-v0.1
Starting initial single prompt test run...

Test prompt: The text appears to be discussing a mathematical theorem known as the "Poincaré-Hopf theorem". The theorem states that the sum of the degrees of a vector field on a sphere is equal to the Euler characteristic of the sphere. The Euler characteristic is a topological invariant that can be used to classify spaces. The theorem has applications in fields such as differential geometry and topology.

test output:  The The of The of the the the the the the the the The of the the the the the the the the the the the the the the

Initial test run completed. Starting main benchmark run...

============ Serving Benchmark Result ============
Backend:                                 vllm      
Benchmarking Window:                     100.0     
output_len: 883, retokenized_output_len: 32
output_len: 90, retokenized_output_len: 31
output_len: 195, retokenized_output_len: 32
output_len: 306, retokenized_output_len: 32
output_len: 1130, retokenized_output_len: 32
output_len: 675, retokenized_output_len: 31
output_len: 45, retokenized_output_len: 14
output_len: 441, retokenized_output_len: 14
output_len: 8, retokenized_output_len: 32
output_len: 224, retokenized_output_len: 29
output_len: 365, retokenized_output_len: 32
output_len: 41, retokenized_output_len: 20
output_len: 43, retokenized_output_len: 31
output_len: 549, retokenized_output_len: 32
output_len: 345, retokenized_output_len: 15
output_len: 28, retokenized_output_len: 32
output_len: 101, retokenized_output_len: 31
output_len: 502, retokenized_output_len: 15
output_len: 104, retokenized_output_len: 32
output_len: 16, retokenized_output_len: 14
output_len: 135, retokenized_output_len: 32
output_len: 106, retokenized_output_len: 30
output_len: 44, retokenized_output_len: 32
output_len: 38, retokenized_output_len: 15
output_len: 272, retokenized_output_len: 32
output_len: 277, retokenized_output_len: 30
output_len: 38, retokenized_output_len: 32
output_len: 438, retokenized_output_len: 32
output_len: 239, retokenized_output_len: 32
output_len: 617, retokenized_output_len: 27
output_len: 312, retokenized_output_len: 32
output_len: 26, retokenized_output_len: 14
output_len: 29, retokenized_output_len: 32
output_len: 292, retokenized_output_len: 30
output_len: 187, retokenized_output_len: 32
output_len: 11, retokenized_output_len: 32
output_len: 249, retokenized_output_len: 32
output_len: 21, retokenized_output_len: 25
output_len: 44, retokenized_output_len: 27
output_len: 6, retokenized_output_len: 32
output_len: 41, retokenized_output_len: 32
output_len: 58, retokenized_output_len: 14
output_len: 393, retokenized_output_len: 32
output_len: 6, retokenized_output_len: 32
output_len: 806, retokenized_output_len: 32
output_len: 404, retokenized_output_len: 30
output_len: 23, retokenized_output_len: 32
output_len: 90, retokenized_output_len: 32
output_len: 176, retokenized_output_len: 32
output_len: 10, retokenized_output_len: 18
output_len: 451, retokenized_output_len: 32
output_len: 149, retokenized_output_len: 32
output_len: 457, retokenized_output_len: 7
output_len: 330, retokenized_output_len: 32
output_len: 9, retokenized_output_len: 26
output_len: 917, retokenized_output_len: 28
output_len: 47, retokenized_output_len: 32
output_len: 327, retokenized_output_len: 32
output_len: 31, retokenized_output_len: 32
output_len: 359, retokenized_output_len: 30
output_len: 32, retokenized_output_len: 32
output_len: 826, retokenized_output_len: 32
output_len: 26, retokenized_output_len: 4
output_len: 242, retokenized_output_len: 32
output_len: 4, retokenized_output_len: 32
output_len: 275, retokenized_output_len: 30
output_len: 446, retokenized_output_len: 32
output_len: 14, retokenized_output_len: 32
output_len: 497, retokenized_output_len: 32
output_len: 25, retokenized_output_len: 30
output_len: 598, retokenized_output_len: 32
output_len: 263, retokenized_output_len: 29
output_len: 24, retokenized_output_len: 32
output_len: 23, retokenized_output_len: 20
output_len: 840, retokenized_output_len: 14
output_len: 166, retokenized_output_len: 30
output_len: 691, retokenized_output_len: 31
output_len: 54, retokenized_output_len: 31
output_len: 122, retokenized_output_len: 32
output_len: 336, retokenized_output_len: 32
output_len: 688, retokenized_output_len: 32
output_len: 28, retokenized_output_len: 14
output_len: 314, retokenized_output_len: 30
output_len: 19, retokenized_output_len: 32
output_len: 11, retokenized_output_len: 14
output_len: 6, retokenized_output_len: 32
output_len: 8, retokenized_output_len: 17
output_len: 76, retokenized_output_len: 32
output_len: 39, retokenized_output_len: 32
output_len: 536, retokenized_output_len: 31
output_len: 361, retokenized_output_len: 32
output_len: 65, retokenized_output_len: 2
output_len: 271, retokenized_output_len: 32
output_len: 55, retokenized_output_len: 32
output_len: 200, retokenized_output_len: 32
output_len: 640, retokenized_output_len: 30
output_len: 158, retokenized_output_len: 30
output_len: 187, retokenized_output_len: 32
output_len: 6, retokenized_output_len: 14
output_len: 751, retokenized_output_len: 30
output_len: 420, retokenized_output_len: 32
output_len: 110, retokenized_output_len: 32
output_len: 60, retokenized_output_len: 32
output_len: 29, retokenized_output_len: 15
output_len: 14, retokenized_output_len: 32
output_len: 622, retokenized_output_len: 32
output_len: 902, retokenized_output_len: 30
output_len: 106, retokenized_output_len: 30
output_len: 545, retokenized_output_len: 32
output_len: 194, retokenized_output_len: 32
output_len: 15, retokenized_output_len: 29
output_len: 10, retokenized_output_len: 0
output_len: 711, retokenized_output_len: 30
output_len: 268, retokenized_output_len: 32
output_len: 38, retokenized_output_len: 14
output_len: 305, retokenized_output_len: 30
output_len: 252, retokenized_output_len: 32
output_len: 18, retokenized_output_len: 15
output_len: 5, retokenized_output_len: 19
output_len: 490, retokenized_output_len: 31
output_len: 44, retokenized_output_len: 14
output_len: 5, retokenized_output_len: 14
output_len: 6, retokenized_output_len: 14
output_len: 33, retokenized_output_len: 32
output_len: 199, retokenized_output_len: 32
output_len: 72, retokenized_output_len: 32
output_len: 325, retokenized_output_len: 31
output_len: 39, retokenized_output_len: 32
output_len: 131, retokenized_output_len: 14
output_len: 7, retokenized_output_len: 32
output_len: 11, retokenized_output_len: 32
output_len: 149, retokenized_output_len: 30
output_len: 109, retokenized_output_len: 23
output_len: 806, retokenized_output_len: 30
output_len: 109, retokenized_output_len: 32
output_len: 564, retokenized_output_len: 30
output_len: 33, retokenized_output_len: 32
output_len: 551, retokenized_output_len: 32
output_len: 287, retokenized_output_len: 32
output_len: 779, retokenized_output_len: 32
output_len: 84, retokenized_output_len: 31
output_len: 21, retokenized_output_len: 27
output_len: 18, retokenized_output_len: 31
output_len: 11, retokenized_output_len: 32
output_len: 11, retokenized_output_len: 32
output_len: 373, retokenized_output_len: 32
output_len: 210, retokenized_output_len: 30
output_len: 194, retokenized_output_len: 11
output_len: 296, retokenized_output_len: 32
output_len: 785, retokenized_output_len: 32
output_len: 189, retokenized_output_len: 32
output_len: 138, retokenized_output_len: 32
output_len: 24, retokenized_output_len: 14
output_len: 37, retokenized_output_len: 14
output_len: 8, retokenized_output_len: 32
output_len: 501, retokenized_output_len: 32
output_len: 394, retokenized_output_len: 30
output_len: 547, retokenized_output_len: 30
output_len: 127, retokenized_output_len: 30
output_len: 300, retokenized_output_len: 32
output_len: 254, retokenized_output_len: 32
output_len: 969, retokenized_output_len: 30
output_len: 491, retokenized_output_len: 30
output_len: 328, retokenized_output_len: 32
output_len: 413, retokenized_output_len: 30
output_len: 66, retokenized_output_len: 32
output_len: 41, retokenized_output_len: 31
output_len: 379, retokenized_output_len: 30
output_len: 340, retokenized_output_len: 30
output_len: 214, retokenized_output_len: 30
output_len: 198, retokenized_output_len: 30
output_len: 367, retokenized_output_len: 31
output_len: 888, retokenized_output_len: 32
output_len: 69, retokenized_output_len: 30
output_len: 222, retokenized_output_len: 32
output_len: 61, retokenized_output_len: 30
output_len: 88, retokenized_output_len: 31
output_len: 408, retokenized_output_len: 30
output_len: 98, retokenized_output_len: 32
output_len: 291, retokenized_output_len: 30
output_len: 408, retokenized_output_len: 30
output_len: 32, retokenized_output_len: 22
output_len: 196, retokenized_output_len: 32
output_len: 361, retokenized_output_len: 19
output_len: 38, retokenized_output_len: 32
output_len: 1564, retokenized_output_len: 32
output_len: 386, retokenized_output_len: 30
output_len: 304, retokenized_output_len: 16
output_len: 11, retokenized_output_len: 18
output_len: 4, retokenized_output_len: 32
output_len: 75, retokenized_output_len: 32
output_len: 19, retokenized_output_len: 14
output_len: 908, retokenized_output_len: 32
output_len: 11, retokenized_output_len: 15
output_len: 6, retokenized_output_len: 21
output_len: 21, retokenized_output_len: 22
output_len: 47, retokenized_output_len: 32
output_len: 390, retokenized_output_len: 30
output_len: 514, retokenized_output_len: 30
output_len: 249, retokenized_output_len: 30
output_len: 532, retokenized_output_len: 30
output_len: 99, retokenized_output_len: 30
output_len: 14, retokenized_output_len: 32
output_len: 6, retokenized_output_len: 31
output_len: 608, retokenized_output_len: 32
output_len: 38, retokenized_output_len: 32
output_len: 15, retokenized_output_len: 32
output_len: 809, retokenized_output_len: 0
output_len: 254, retokenized_output_len: 30
output_len: 144, retokenized_output_len: 30
output_len: 151, retokenized_output_len: 30
output_len: 398, retokenized_output_len: 31
output_len: 121, retokenized_output_len: 31
output_len: 45, retokenized_output_len: 32
output_len: 116, retokenized_output_len: 32
output_len: 38, retokenized_output_len: 32
output_len: 5, retokenized_output_len: 32
output_len: 237, retokenized_output_len: 30
output_len: 115, retokenized_output_len: 32
output_len: 131, retokenized_output_len: 31
output_len: 208, retokenized_output_len: 32
output_len: 296, retokenized_output_len: 32
output_len: 18, retokenized_output_len: 22
output_len: 314, retokenized_output_len: 32
output_len: 10, retokenized_output_len: 32
output_len: 7, retokenized_output_len: 15
output_len: 103, retokenized_output_len: 32
output_len: 188, retokenized_output_len: 31
output_len: 358, retokenized_output_len: 31
output_len: 7, retokenized_output_len: 32
output_len: 11, retokenized_output_len: 14
output_len: 184, retokenized_output_len: 32
output_len: 459, retokenized_output_len: 32
output_len: 196, retokenized_output_len: 29
output_len: 16, retokenized_output_len: 32
output_len: 8, retokenized_output_len: 18
output_len: 517, retokenized_output_len: 32
output_len: 454, retokenized_output_len: 32
output_len: 117, retokenized_output_len: 32
output_len: 15, retokenized_output_len: 32
output_len: 61, retokenized_output_len: 31
output_len: 60, retokenized_output_len: 32
output_len: 1052, retokenized_output_len: 31
output_len: 434, retokenized_output_len: 32
output_len: 272, retokenized_output_len: 32
output_len: 269, retokenized_output_len: 32
output_len: 325, retokenized_output_len: 0
output_len: 340, retokenized_output_len: 32
output_len: 7, retokenized_output_len: 31
output_len: 460, retokenized_output_len: 31
output_len: 380, retokenized_output_len: 24
output_len: 26, retokenized_output_len: 32
output_len: 401, retokenized_output_len: 32
output_len: 78, retokenized_output_len: 32
output_len: 108, retokenized_output_len: 32
output_len: 348, retokenized_output_len: 31
output_len: 60, retokenized_output_len: 32
output_len: 14, retokenized_output_len: 4
output_len: 158, retokenized_output_len: 30
output_len: 6, retokenized_output_len: 14
output_len: 121, retokenized_output_len: 32
output_len: 32, retokenized_output_len: 16
output_len: 82, retokenized_output_len: 32
output_len: 366, retokenized_output_len: 31
output_len: 185, retokenized_output_len: 33
output_len: 501, retokenized_output_len: 32
output_len: 73, retokenized_output_len: 32
output_len: 11, retokenized_output_len: 32
output_len: 412, retokenized_output_len: 30
output_len: 397, retokenized_output_len: 31
output_len: 74, retokenized_output_len: 32
output_len: 391, retokenized_output_len: 32
output_len: 209, retokenized_output_len: 32
output_len: 516, retokenized_output_len: 32
output_len: 23, retokenized_output_len: 31
output_len: 55, retokenized_output_len: 14
output_len: 588, retokenized_output_len: 30
output_len: 27, retokenized_output_len: 32
output_len: 5, retokenized_output_len: 32
output_len: 7, retokenized_output_len: 15
output_len: 460, retokenized_output_len: 30
output_len: 23, retokenized_output_len: 32
output_len: 30, retokenized_output_len: 32
output_len: 121, retokenized_output_len: 32
output_len: 463, retokenized_output_len: 32
output_len: 745, retokenized_output_len: 31
output_len: 148, retokenized_output_len: 29
output_len: 72, retokenized_output_len: 32
output_len: 339, retokenized_output_len: 30
output_len: 408, retokenized_output_len: 30
output_len: 136, retokenized_output_len: 32
output_len: 20, retokenized_output_len: 28
output_len: 13, retokenized_output_len: 14
output_len: 50, retokenized_output_len: 32
output_len: 39, retokenized_output_len: 14
output_len: 330, retokenized_output_len: 30
output_len: 308, retokenized_output_len: 31
output_len: 426, retokenized_output_len: 2
output_len: 40, retokenized_output_len: 31
output_len: 469, retokenized_output_len: 32
output_len: 4, retokenized_output_len: 32
output_len: 513, retokenized_output_len: 32
output_len: 63, retokenized_output_len: 30
output_len: 50, retokenized_output_len: 31
output_len: 20, retokenized_output_len: 14
output_len: 13, retokenized_output_len: 32
output_len: 303, retokenized_output_len: 32
output_len: 15, retokenized_output_len: 32
output_len: 23, retokenized_output_len: 17
output_len: 216, retokenized_output_len: 14
output_len: 262, retokenized_output_len: 32
output_len: 390, retokenized_output_len: 19
output_len: 16, retokenized_output_len: 14
output_len: 7, retokenized_output_len: 32
output_len: 339, retokenized_output_len: 30
output_len: 171, retokenized_output_len: 32
output_len: 645, retokenized_output_len: 29
output_len: 5, retokenized_output_len: 27
output_len: 492, retokenized_output_len: 5
output_len: 754, retokenized_output_len: 32
output_len: 6, retokenized_output_len: 32
output_len: 14, retokenized_output_len: 25
output_len: 624, retokenized_output_len: 30
output_len: 89, retokenized_output_len: 31
output_len: 8, retokenized_output_len: 27
output_len: 1328, retokenized_output_len: 19
output_len: 213, retokenized_output_len: 31
output_len: 26, retokenized_output_len: 27
output_len: 305, retokenized_output_len: 31
output_len: 63, retokenized_output_len: 14
output_len: 773, retokenized_output_len: 32
output_len: 332, retokenized_output_len: 31
output_len: 141, retokenized_output_len: 32
output_len: 21, retokenized_output_len: 14
output_len: 5, retokenized_output_len: 32
output_len: 136, retokenized_output_len: 31
output_len: 83, retokenized_output_len: 32
output_len: 29, retokenized_output_len: 32
output_len: 376, retokenized_output_len: 30
output_len: 42, retokenized_output_len: 32
output_len: 20, retokenized_output_len: 32
output_len: 113, retokenized_output_len: 32
output_len: 13, retokenized_output_len: 32
output_len: 99, retokenized_output_len: 32
output_len: 17, retokenized_output_len: 32
output_len: 12, retokenized_output_len: 32
output_len: 51, retokenized_output_len: 32
output_len: 84, retokenized_output_len: 32
output_len: 524, retokenized_output_len: 32
output_len: 24, retokenized_output_len: 31
output_len: 107, retokenized_output_len: 30
output_len: 91, retokenized_output_len: 32
output_len: 782, retokenized_output_len: 32
output_len: 43, retokenized_output_len: 0
output_len: 634, retokenized_output_len: 20
output_len: 47, retokenized_output_len: 32
output_len: 288, retokenized_output_len: 32
output_len: 266, retokenized_output_len: 32
output_len: 47, retokenized_output_len: 32
output_len: 146, retokenized_output_len: 32
output_len: 372, retokenized_output_len: 32
output_len: 575, retokenized_output_len: 32
output_len: 92, retokenized_output_len: 31
output_len: 111, retokenized_output_len: 30
output_len: 715, retokenized_output_len: 32
output_len: 19, retokenized_output_len: 15
output_len: 246, retokenized_output_len: 32
output_len: 264, retokenized_output_len: 32
output_len: 19, retokenized_output_len: 2
output_len: 109, retokenized_output_len: 27
output_len: 62, retokenized_output_len: 32
output_len: 55, retokenized_output_len: 32
output_len: 7, retokenized_output_len: 32
output_len: 327, retokenized_output_len: 31
output_len: 239, retokenized_output_len: 30
output_len: 427, retokenized_output_len: 30
output_len: 32, retokenized_output_len: 32
output_len: 1054, retokenized_output_len: 32
output_len: 58, retokenized_output_len: 0
output_len: 162, retokenized_output_len: 31
output_len: 10, retokenized_output_len: 0
output_len: 58, retokenized_output_len: 0
output_len: 5, retokenized_output_len: 0
output_len: 431, retokenized_output_len: 31
output_len: 256, retokenized_output_len: 5
output_len: 389, retokenized_output_len: 31
output_len: 136, retokenized_output_len: 32
output_len: 147, retokenized_output_len: 0
output_len: 103, retokenized_output_len: 2
output_len: 11, retokenized_output_len: 0
output_len: 31, retokenized_output_len: 0
output_len: 388, retokenized_output_len: 5
output_len: 83, retokenized_output_len: 5
output_len: 342, retokenized_output_len: 32
output_len: 199, retokenized_output_len: 2
output_len: 16, retokenized_output_len: 5
output_len: 442, retokenized_output_len: 5
output_len: 216, retokenized_output_len: 0
output_len: 301, retokenized_output_len: 2
output_len: 7, retokenized_output_len: 0
output_len: 757, retokenized_output_len: 4
output_len: 308, retokenized_output_len: 30
output_len: 8, retokenized_output_len: 0
output_len: 290, retokenized_output_len: 0
output_len: 634, retokenized_output_len: 32
output_len: 358, retokenized_output_len: 4
output_len: 429, retokenized_output_len: 4
output_len: 453, retokenized_output_len: 0
output_len: 22, retokenized_output_len: 32
output_len: 58, retokenized_output_len: 14
output_len: 486, retokenized_output_len: 32
output_len: 395, retokenized_output_len: 5
output_len: 524, retokenized_output_len: 31
output_len: 489, retokenized_output_len: 31
output_len: 35, retokenized_output_len: 0
output_len: 10, retokenized_output_len: 4
output_len: 647, retokenized_output_len: 3
output_len: 502, retokenized_output_len: 0
output_len: 486, retokenized_output_len: 5
output_len: 14, retokenized_output_len: 0
output_len: 12, retokenized_output_len: 14
output_len: 101, retokenized_output_len: 32
output_len: 32, retokenized_output_len: 31
output_len: 22, retokenized_output_len: 27
output_len: 351, retokenized_output_len: 4
output_len: 305, retokenized_output_len: 4
output_len: 355, retokenized_output_len: 32
output_len: 492, retokenized_output_len: 32
output_len: 423, retokenized_output_len: 5
output_len: 804, retokenized_output_len: 5
output_len: 333, retokenized_output_len: 5
output_len: 12, retokenized_output_len: 5
output_len: 668, retokenized_output_len: 5
output_len: 298, retokenized_output_len: 2
output_len: 506, retokenized_output_len: 0
output_len: 329, retokenized_output_len: 32
output_len: 4, retokenized_output_len: 0
output_len: 424, retokenized_output_len: 0
output_len: 138, retokenized_output_len: 4
output_len: 35, retokenized_output_len: 0
output_len: 29, retokenized_output_len: 5
output_len: 1263, retokenized_output_len: 0
output_len: 7, retokenized_output_len: 39
output_len: 19, retokenized_output_len: 0
output_len: 426, retokenized_output_len: 5
output_len: 251, retokenized_output_len: 32
output_len: 121, retokenized_output_len: 0
output_len: 487, retokenized_output_len: 40
output_len: 349, retokenized_output_len: 31
output_len: 569, retokenized_output_len: 32
output_len: 43, retokenized_output_len: 39
output_len: 123, retokenized_output_len: 40
output_len: 12, retokenized_output_len: 36
output_len: 627, retokenized_output_len: 0
output_len: 161, retokenized_output_len: 0
output_len: 8, retokenized_output_len: 5
output_len: 263, retokenized_output_len: 32
output_len: 71, retokenized_output_len: 0
output_len: 76, retokenized_output_len: 3
output_len: 246, retokenized_output_len: 30
output_len: 754, retokenized_output_len: 0
output_len: 13, retokenized_output_len: 0
output_len: 181, retokenized_output_len: 0
output_len: 263, retokenized_output_len: 29
output_len: 230, retokenized_output_len: 1
output_len: 76, retokenized_output_len: 4
output_len: 7, retokenized_output_len: 0
output_len: 308, retokenized_output_len: 32
output_len: 162, retokenized_output_len: 2
output_len: 29, retokenized_output_len: 0
output_len: 444, retokenized_output_len: 5
output_len: 928, retokenized_output_len: 5
output_len: 173, retokenized_output_len: 32
output_len: 48, retokenized_output_len: 0
output_len: 6, retokenized_output_len: 0
output_len: 270, retokenized_output_len: 5
output_len: 18, retokenized_output_len: 32
output_len: 4, retokenized_output_len: 0
output_len: 404, retokenized_output_len: 5
output_len: 376, retokenized_output_len: 4
output_len: 70, retokenized_output_len: 0
output_len: 5, retokenized_output_len: 0
output_len: 11, retokenized_output_len: 0
output_len: 551, retokenized_output_len: 2
output_len: 8, retokenized_output_len: 0
output_len: 395, retokenized_output_len: 32
output_len: 151, retokenized_output_len: 5
output_len: 114, retokenized_output_len: 2
output_len: 956, retokenized_output_len: 5
output_len: 23, retokenized_output_len: 5
output_len: 15, retokenized_output_len: 0
output_len: 11, retokenized_output_len: 34
output_len: 425, retokenized_output_len: 34
output_len: 38, retokenized_output_len: 29
output_len: 16, retokenized_output_len: 0
output_len: 13, retokenized_output_len: 0
output_len: 12, retokenized_output_len: 38
output_len: 213, retokenized_output_len: 5
output_len: 713, retokenized_output_len: 0
output_len: 22, retokenized_output_len: 0
output_len: 173, retokenized_output_len: 0
output_len: 623, retokenized_output_len: 0
output_len: 485, retokenized_output_len: 5
output_len: 9, retokenized_output_len: 5
output_len: 1001, retokenized_output_len: 5
output_len: 5, retokenized_output_len: 0
output_len: 109, retokenized_output_len: 4
output_len: 449, retokenized_output_len: 32
output_len: 14, retokenized_output_len: 0
output_len: 120, retokenized_output_len: 2
output_len: 78, retokenized_output_len: 0
output_len: 14, retokenized_output_len: 36
output_len: 154, retokenized_output_len: 5
output_len: 67, retokenized_output_len: 0
output_len: 19, retokenized_output_len: 0
output_len: 169, retokenized_output_len: 5
output_len: 23, retokenized_output_len: 0
output_len: 57, retokenized_output_len: 32
output_len: 32, retokenized_output_len: 31
output_len: 25, retokenized_output_len: 30
output_len: 131, retokenized_output_len: 25
output_len: 339, retokenized_output_len: 25
output_len: 415, retokenized_output_len: 26
output_len: 355, retokenized_output_len: 26
output_len: 890, retokenized_output_len: 39
output_len: 287, retokenized_output_len: 38
output_len: 18, retokenized_output_len: 37
output_len: 374, retokenized_output_len: 36
output_len: 651, retokenized_output_len: 5
output_len: 563, retokenized_output_len: 34
output_len: 448, retokenized_output_len: 34
output_len: 8, retokenized_output_len: 16
output_len: 255, retokenized_output_len: 30
output_len: 49, retokenized_output_len: 32
output_len: 5, retokenized_output_len: 31
output_len: 113, retokenized_output_len: 5
output_len: 235, retokenized_output_len: 4
output_len: 36, retokenized_output_len: 32
output_len: 344, retokenized_output_len: 32
output_len: 17, retokenized_output_len: 30
output_len: 344, retokenized_output_len: 32
output_len: 109, retokenized_output_len: 27
output_len: 271, retokenized_output_len: 27
output_len: 12, retokenized_output_len: 26
output_len: 532, retokenized_output_len: 25
output_len: 196, retokenized_output_len: 40
output_len: 13, retokenized_output_len: 36
output_len: 416, retokenized_output_len: 0
output_len: 353, retokenized_output_len: 36
output_len: 125, retokenized_output_len: 34
output_len: 442, retokenized_output_len: 0
output_len: 195, retokenized_output_len: 36
output_len: 845, retokenized_output_len: 4
output_len: 105, retokenized_output_len: 0
output_len: 208, retokenized_output_len: 35
output_len: 865, retokenized_output_len: 36
output_len: 74, retokenized_output_len: 0
output_len: 53, retokenized_output_len: 0
output_len: 99, retokenized_output_len: 33
output_len: 296, retokenized_output_len: 36
output_len: 220, retokenized_output_len: 34
output_len: 742, retokenized_output_len: 0
output_len: 348, retokenized_output_len: 32
output_len: 48, retokenized_output_len: 31
output_len: 10, retokenized_output_len: 30
output_len: 53, retokenized_output_len: 25
output_len: 48, retokenized_output_len: 40
output_len: 19, retokenized_output_len: 18
output_len: 390, retokenized_output_len: 0
output_len: 744, retokenized_output_len: 31
output_len: 350, retokenized_output_len: 38
output_len: 1328, retokenized_output_len: 37
output_len: 603, retokenized_output_len: 37
output_len: 33, retokenized_output_len: 20
output_len: 7, retokenized_output_len: 36
output_len: 41, retokenized_output_len: 34
output_len: 168, retokenized_output_len: 36
output_len: 17, retokenized_output_len: 34
output_len: 134, retokenized_output_len: 32
output_len: 722, retokenized_output_len: 32
output_len: 25, retokenized_output_len: 32
output_len: 490, retokenized_output_len: 0
output_len: 157, retokenized_output_len: 27
output_len: 119, retokenized_output_len: 27
output_len: 305, retokenized_output_len: 0
output_len: 157, retokenized_output_len: 27
output_len: 27, retokenized_output_len: 20
output_len: 314, retokenized_output_len: 0
output_len: 352, retokenized_output_len: 38
output_len: 350, retokenized_output_len: 40
output_len: 104, retokenized_output_len: 5
output_len: 14, retokenized_output_len: 39
output_len: 809, retokenized_output_len: 38
output_len: 84, retokenized_output_len: 38
output_len: 98, retokenized_output_len: 31
output_len: 34, retokenized_output_len: 19
output_len: 14, retokenized_output_len: 21
output_len: 254, retokenized_output_len: 34
output_len: 611, retokenized_output_len: 34
output_len: 338, retokenized_output_len: 5
output_len: 42, retokenized_output_len: 4
output_len: 279, retokenized_output_len: 33
output_len: 15, retokenized_output_len: 16
output_len: 66, retokenized_output_len: 30
output_len: 667, retokenized_output_len: 30
output_len: 67, retokenized_output_len: 30
output_len: 38, retokenized_output_len: 28
output_len: 287, retokenized_output_len: 27
output_len: 53, retokenized_output_len: 25
output_len: 66, retokenized_output_len: 32
output_len: 33, retokenized_output_len: 12
output_len: 145, retokenized_output_len: 25
output_len: 5, retokenized_output_len: 40
output_len: 14, retokenized_output_len: 38
output_len: 18, retokenized_output_len: 38
output_len: 177, retokenized_output_len: 35
output_len: 804, retokenized_output_len: 5
output_len: 4, retokenized_output_len: 34
output_len: 19, retokenized_output_len: 14
output_len: 326, retokenized_output_len: 29
output_len: 47, retokenized_output_len: 27
output_len: 441, retokenized_output_len: 26
output_len: 18, retokenized_output_len: 4
output_len: 637, retokenized_output_len: 26
output_len: 18, retokenized_output_len: 12
output_len: 13, retokenized_output_len: 40
output_len: 87, retokenized_output_len: 40
output_len: 621, retokenized_output_len: 38
output_len: 79, retokenized_output_len: 35
output_len: 191, retokenized_output_len: 30
output_len: 31, retokenized_output_len: 34
output_len: 15, retokenized_output_len: 34
output_len: 227, retokenized_output_len: 34
output_len: 273, retokenized_output_len: 4
output_len: 102, retokenized_output_len: 0
output_len: 44, retokenized_output_len: 27
output_len: 382, retokenized_output_len: 34
output_len: 66, retokenized_output_len: 32
output_len: 264, retokenized_output_len: 32
output_len: 18, retokenized_output_len: 26
output_len: 5, retokenized_output_len: 35
output_len: 327, retokenized_output_len: 40
output_len: 290, retokenized_output_len: 40
output_len: 340, retokenized_output_len: 31
output_len: 72, retokenized_output_len: 18
output_len: 607, retokenized_output_len: 4
output_len: 18, retokenized_output_len: 21
output_len: 218, retokenized_output_len: 5
output_len: 6, retokenized_output_len: 34
output_len: 404, retokenized_output_len: 31
output_len: 239, retokenized_output_len: 34
output_len: 177, retokenized_output_len: 34
output_len: 8, retokenized_output_len: 25
output_len: 622, retokenized_output_len: 0
output_len: 16, retokenized_output_len: 14
output_len: 7, retokenized_output_len: 27
output_len: 234, retokenized_output_len: 27
output_len: 230, retokenized_output_len: 27
output_len: 9, retokenized_output_len: 12
output_len: 6, retokenized_output_len: 37
output_len: 5, retokenized_output_len: 36
output_len: 31, retokenized_output_len: 26
output_len: 260, retokenized_output_len: 5
output_len: 9, retokenized_output_len: 23
output_len: 223, retokenized_output_len: 0
output_len: 66, retokenized_output_len: 23
output_len: 18, retokenized_output_len: 17
output_len: 466, retokenized_output_len: 3
output_len: 151, retokenized_output_len: 5
output_len: 474, retokenized_output_len: 0
output_len: 17, retokenized_output_len: 0
output_len: 103, retokenized_output_len: 5
output_len: 626, retokenized_output_len: 0
output_len: 12, retokenized_output_len: 0
output_len: 265, retokenized_output_len: 1
output_len: 4, retokenized_output_len: 0
output_len: 478, retokenized_output_len: 37
output_len: 4, retokenized_output_len: 36
output_len: 268, retokenized_output_len: 4
output_len: 336, retokenized_output_len: 4
output_len: 23, retokenized_output_len: 0
output_len: 558, retokenized_output_len: 5
output_len: 69, retokenized_output_len: 0
output_len: 426, retokenized_output_len: 0
output_len: 60, retokenized_output_len: 5
output_len: 578, retokenized_output_len: 31
output_len: 30, retokenized_output_len: 31
output_len: 13, retokenized_output_len: 0
output_len: 550, retokenized_output_len: 4
output_len: 23, retokenized_output_len: 0
output_len: 214, retokenized_output_len: 36
output_len: 251, retokenized_output_len: 36
output_len: 9, retokenized_output_len: 36
output_len: 756, retokenized_output_len: 26
output_len: 9, retokenized_output_len: 32
output_len: 6, retokenized_output_len: 4
output_len: 208, retokenized_output_len: 4
output_len: 571, retokenized_output_len: 0
output_len: 479, retokenized_output_len: 5
output_len: 370, retokenized_output_len: 3
output_len: 246, retokenized_output_len: 29
output_len: 578, retokenized_output_len: 32
output_len: 8, retokenized_output_len: 0
output_len: 5, retokenized_output_len: 0
output_len: 10, retokenized_output_len: 0
output_len: 22, retokenized_output_len: 0
output_len: 254, retokenized_output_len: 0
output_len: 33, retokenized_output_len: 31
output_len: 47, retokenized_output_len: 30
output_len: 22, retokenized_output_len: 21
output_len: 20, retokenized_output_len: 32
output_len: 9, retokenized_output_len: 29
output_len: 810, retokenized_output_len: 3
output_len: 10, retokenized_output_len: 32
output_len: 300, retokenized_output_len: 4
output_len: 12, retokenized_output_len: 32
output_len: 62, retokenized_output_len: 0
output_len: 281, retokenized_output_len: 0
output_len: 8, retokenized_output_len: 0
output_len: 146, retokenized_output_len: 5
output_len: 604, retokenized_output_len: 0
output_len: 23, retokenized_output_len: 0
output_len: 816, retokenized_output_len: 5
output_len: 129, retokenized_output_len: 2
output_len: 6, retokenized_output_len: 0
output_len: 108, retokenized_output_len: 0
output_len: 442, retokenized_output_len: 4
output_len: 543, retokenized_output_len: 30
output_len: 27, retokenized_output_len: 5
output_len: 56, retokenized_output_len: 0
output_len: 102, retokenized_output_len: 5
output_len: 396, retokenized_output_len: 5
output_len: 143, retokenized_output_len: 30
output_len: 303, retokenized_output_len: 5
output_len: 621, retokenized_output_len: 5
output_len: 435, retokenized_output_len: 31
output_len: 466, retokenized_output_len: 5
output_len: 70, retokenized_output_len: 0
output_len: 705, retokenized_output_len: 27
output_len: 15, retokenized_output_len: 38
output_len: 609, retokenized_output_len: 31
output_len: 12, retokenized_output_len: 0
output_len: 1637, retokenized_output_len: 0
output_len: 70, retokenized_output_len: 0
output_len: 297, retokenized_output_len: 32
output_len: 571, retokenized_output_len: 2
output_len: 765, retokenized_output_len: 5
output_len: 87, retokenized_output_len: 5
output_len: 955, retokenized_output_len: 0
output_len: 26, retokenized_output_len: 5
output_len: 360, retokenized_output_len: 31
output_len: 13, retokenized_output_len: 0
output_len: 830, retokenized_output_len: 30
output_len: 166, retokenized_output_len: 40
output_len: 50, retokenized_output_len: 22
output_len: 167, retokenized_output_len: 0
output_len: 197, retokenized_output_len: 0
output_len: 5, retokenized_output_len: 35
output_len: 529, retokenized_output_len: 3
output_len: 186, retokenized_output_len: 2
output_len: 873, retokenized_output_len: 4
output_len: 744, retokenized_output_len: 4
output_len: 420, retokenized_output_len: 3
output_len: 9, retokenized_output_len: 0
output_len: 108, retokenized_output_len: 5
output_len: 35, retokenized_output_len: 0
output_len: 66, retokenized_output_len: 30
output_len: 307, retokenized_output_len: 4
output_len: 201, retokenized_output_len: 32
output_len: 28, retokenized_output_len: 0
output_len: 457, retokenized_output_len: 4
output_len: 737, retokenized_output_len: 30
output_len: 13, retokenized_output_len: 0
output_len: 452, retokenized_output_len: 29
output_len: 22, retokenized_output_len: 36
output_len: 778, retokenized_output_len: 25
output_len: 13, retokenized_output_len: 18
output_len: 732, retokenized_output_len: 4
output_len: 578, retokenized_output_len: 4
output_len: 145, retokenized_output_len: 4
output_len: 223, retokenized_output_len: 4
output_len: 17, retokenized_output_len: 0
output_len: 259, retokenized_output_len: 36
output_len: 471, retokenized_output_len: 0
output_len: 357, retokenized_output_len: 36
output_len: 314, retokenized_output_len: 5
output_len: 64, retokenized_output_len: 28
output_len: 7, retokenized_output_len: 15
output_len: 309, retokenized_output_len: 4
output_len: 8, retokenized_output_len: 0
output_len: 288, retokenized_output_len: 5
output_len: 52, retokenized_output_len: 0
output_len: 125, retokenized_output_len: 0
output_len: 190, retokenized_output_len: 4
output_len: 5, retokenized_output_len: 39
output_len: 75, retokenized_output_len: 35
output_len: 23, retokenized_output_len: 5
output_len: 255, retokenized_output_len: 32
output_len: 258, retokenized_output_len: 0
output_len: 336, retokenized_output_len: 5
output_len: 871, retokenized_output_len: 0
output_len: 6, retokenized_output_len: 4
output_len: 383, retokenized_output_len: 5
output_len: 126, retokenized_output_len: 32
output_len: 174, retokenized_output_len: 0
output_len: 35, retokenized_output_len: 0
output_len: 224, retokenized_output_len: 32
output_len: 444, retokenized_output_len: 5
output_len: 202, retokenized_output_len: 2
output_len: 108, retokenized_output_len: 31
output_len: 543, retokenized_output_len: 5
output_len: 921, retokenized_output_len: 5
output_len: 41, retokenized_output_len: 0
output_len: 120, retokenized_output_len: 26
output_len: 25, retokenized_output_len: 38
output_len: 882, retokenized_output_len: 5
output_len: 26, retokenized_output_len: 0
output_len: 356, retokenized_output_len: 30
output_len: 84, retokenized_output_len: 31
output_len: 17, retokenized_output_len: 25
output_len: 376, retokenized_output_len: 4
output_len: 55, retokenized_output_len: 4
output_len: 7, retokenized_output_len: 0
output_len: 10, retokenized_output_len: 32
output_len: 85, retokenized_output_len: 0
output_len: 121, retokenized_output_len: 5
output_len: 21, retokenized_output_len: 0
output_len: 96, retokenized_output_len: 3
output_len: 239, retokenized_output_len: 32
output_len: 334, retokenized_output_len: 33
output_len: 14, retokenized_output_len: 0
output_len: 74, retokenized_output_len: 0
output_len: 107, retokenized_output_len: 2
output_len: 688, retokenized_output_len: 31
output_len: 373, retokenized_output_len: 0
output_len: 728, retokenized_output_len: 5
output_len: 20, retokenized_output_len: 0
output_len: 122, retokenized_output_len: 4
output_len: 65, retokenized_output_len: 5
output_len: 30, retokenized_output_len: 0
output_len: 514, retokenized_output_len: 4
output_len: 183, retokenized_output_len: 3
output_len: 956, retokenized_output_len: 0
output_len: 436, retokenized_output_len: 4
output_len: 342, retokenized_output_len: 31
output_len: 20, retokenized_output_len: 32
output_len: 34, retokenized_output_len: 36
output_len: 496, retokenized_output_len: 32
output_len: 14, retokenized_output_len: 31
output_len: 9, retokenized_output_len: 5
output_len: 32, retokenized_output_len: 0
output_len: 487, retokenized_output_len: 30
output_len: 219, retokenized_output_len: 31
output_len: 927, retokenized_output_len: 26
output_len: 151, retokenized_output_len: 26
output_len: 578, retokenized_output_len: 26
output_len: 161, retokenized_output_len: 20
output_len: 837, retokenized_output_len: 40
output_len: 841, retokenized_output_len: 40
output_len: 39, retokenized_output_len: 40
output_len: 13, retokenized_output_len: 37
output_len: 132, retokenized_output_len: 36
output_len: 235, retokenized_output_len: 36
output_len: 54, retokenized_output_len: 36
output_len: 372, retokenized_output_len: 16
output_len: 53, retokenized_output_len: 34
output_len: 47, retokenized_output_len: 32
output_len: 72, retokenized_output_len: 17
output_len: 169, retokenized_output_len: 30
output_len: 407, retokenized_output_len: 31
output_len: 254, retokenized_output_len: 32
output_len: 401, retokenized_output_len: 31
output_len: 6, retokenized_output_len: 32
output_len: 17, retokenized_output_len: 5
output_len: 77, retokenized_output_len: 30
output_len: 14, retokenized_output_len: 12
output_len: 107, retokenized_output_len: 27
output_len: 139, retokenized_output_len: 25
output_len: 34, retokenized_output_len: 25
output_len: 55, retokenized_output_len: 38
output_len: 27, retokenized_output_len: 38
output_len: 511, retokenized_output_len: 20
output_len: 20, retokenized_output_len: 34
output_len: 446, retokenized_output_len: 3
output_len: 440, retokenized_output_len: 0
output_len: 126, retokenized_output_len: 34
output_len: 23, retokenized_output_len: 32
output_len: 39, retokenized_output_len: 30
output_len: 70, retokenized_output_len: 0
output_len: 357, retokenized_output_len: 0
output_len: 29, retokenized_output_len: 15
output_len: 531, retokenized_output_len: 31
output_len: 357, retokenized_output_len: 5
output_len: 925, retokenized_output_len: 40
output_len: 404, retokenized_output_len: 35
output_len: 16, retokenized_output_len: 36
output_len: 927, retokenized_output_len: 36
output_len: 9, retokenized_output_len: 32
output_len: 254, retokenized_output_len: 0
output_len: 293, retokenized_output_len: 0
output_len: 381, retokenized_output_len: 32
output_len: 34, retokenized_output_len: 18
output_len: 23, retokenized_output_len: 27
output_len: 285, retokenized_output_len: 30
output_len: 396, retokenized_output_len: 27
output_len: 14, retokenized_output_len: 26
output_len: 372, retokenized_output_len: 26
output_len: 75, retokenized_output_len: 37
output_len: 20, retokenized_output_len: 33
output_len: 306, retokenized_output_len: 5
output_len: 542, retokenized_output_len: 4
output_len: 144, retokenized_output_len: 34
output_len: 151, retokenized_output_len: 0
output_len: 46, retokenized_output_len: 32
output_len: 701, retokenized_output_len: 2
output_len: 33, retokenized_output_len: 32
output_len: 443, retokenized_output_len: 31
output_len: 257, retokenized_output_len: 32
output_len: 16, retokenized_output_len: 30
output_len: 180, retokenized_output_len: 0
output_len: 21, retokenized_output_len: 15
output_len: 21, retokenized_output_len: 23
output_len: 120, retokenized_output_len: 40
output_len: 836, retokenized_output_len: 29
output_len: 360, retokenized_output_len: 5
output_len: 65, retokenized_output_len: 37
output_len: 137, retokenized_output_len: 6
output_len: 18, retokenized_output_len: 17
output_len: 885, retokenized_output_len: 10
output_len: 562, retokenized_output_len: 30
output_len: 374, retokenized_output_len: 0
output_len: 13, retokenized_output_len: 30
output_len: 15, retokenized_output_len: 26
output_len: 8, retokenized_output_len: 19
output_len: 504, retokenized_output_len: 19
output_len: 181, retokenized_output_len: 16
output_len: 196, retokenized_output_len: 13
output_len: 5, retokenized_output_len: 10
output_len: 883, retokenized_output_len: 10
output_len: 11, retokenized_output_len: 6
output_len: 12, retokenized_output_len: 0
output_len: 522, retokenized_output_len: 0
output_len: 805, retokenized_output_len: 5
output_len: 57, retokenized_output_len: 0
output_len: 778, retokenized_output_len: 2
output_len: 953, retokenized_output_len: 0
output_len: 243, retokenized_output_len: 4
output_len: 35, retokenized_output_len: 0
output_len: 256, retokenized_output_len: 0
output_len: 901, retokenized_output_len: 5
output_len: 149, retokenized_output_len: 5
output_len: 297, retokenized_output_len: 0
output_len: 178, retokenized_output_len: 0
output_len: 31, retokenized_output_len: 32
output_len: 27, retokenized_output_len: 26
output_len: 59, retokenized_output_len: 5
output_len: 413, retokenized_output_len: 4
output_len: 194, retokenized_output_len: 0
output_len: 13, retokenized_output_len: 0
output_len: 116, retokenized_output_len: 40
output_len: 28, retokenized_output_len: 36
output_len: 252, retokenized_output_len: 0
output_len: 59, retokenized_output_len: 5
output_len: 10, retokenized_output_len: 0
output_len: 169, retokenized_output_len: 30
output_len: 165, retokenized_output_len: 0
output_len: 240, retokenized_output_len: 0
output_len: 127, retokenized_output_len: 0
output_len: 53, retokenized_output_len: 26
output_len: 725, retokenized_output_len: 4
output_len: 56, retokenized_output_len: 0
output_len: 116, retokenized_output_len: 38
output_len: 7, retokenized_output_len: 34
output_len: 502, retokenized_output_len: 0
output_len: 845, retokenized_output_len: 6
output_len: 969, retokenized_output_len: 0
output_len: 64, retokenized_output_len: 4
output_len: 46, retokenized_output_len: 0
output_len: 537, retokenized_output_len: 28
output_len: 704, retokenized_output_len: 0
output_len: 213, retokenized_output_len: 2
output_len: 47, retokenized_output_len: 13
output_len: 22, retokenized_output_len: 0
output_len: 21, retokenized_output_len: 5
output_len: 184, retokenized_output_len: 0
output_len: 212, retokenized_output_len: 4
output_len: 106, retokenized_output_len: 5
output_len: 333, retokenized_output_len: 3
output_len: 218, retokenized_output_len: 0
output_len: 706, retokenized_output_len: 2
output_len: 321, retokenized_output_len: 2
output_len: 356, retokenized_output_len: 0
output_len: 411, retokenized_output_len: 0
output_len: 39, retokenized_output_len: 0
output_len: 26, retokenized_output_len: 0
output_len: 588, retokenized_output_len: 4
output_len: 749, retokenized_output_len: 5
output_len: 215, retokenized_output_len: 3
output_len: 26, retokenized_output_len: 7
output_len: 385, retokenized_output_len: 2
output_len: 7, retokenized_output_len: 0
output_len: 779, retokenized_output_len: 0
output_len: 493, retokenized_output_len: 0
output_len: 405, retokenized_output_len: 1
output_len: 30, retokenized_output_len: 4
output_len: 10, retokenized_output_len: 0
output_len: 619, retokenized_output_len: 38
output_len: 15, retokenized_output_len: 36
output_len: 33, retokenized_output_len: 34
output_len: 23, retokenized_output_len: 33
output_len: 27, retokenized_output_len: 32
output_len: 23, retokenized_output_len: 30
output_len: 367, retokenized_output_len: 3
output_len: 278, retokenized_output_len: 2
output_len: 555, retokenized_output_len: 30
output_len: 149, retokenized_output_len: 30
output_len: 397, retokenized_output_len: 29
output_len: 21, retokenized_output_len: 26
output_len: 66, retokenized_output_len: 0
output_len: 9, retokenized_output_len: 25
output_len: 173, retokenized_output_len: 6
output_len: 274, retokenized_output_len: 25
output_len: 75, retokenized_output_len: 13
output_len: 119, retokenized_output_len: 5
output_len: 493, retokenized_output_len: 38
output_len: 313, retokenized_output_len: 40
output_len: 15, retokenized_output_len: 38
output_len: 45, retokenized_output_len: 38
output_len: 11, retokenized_output_len: 33
output_len: 69, retokenized_output_len: 32
output_len: 17, retokenized_output_len: 14
output_len: 13, retokenized_output_len: 30
output_len: 28, retokenized_output_len: 0
output_len: 12, retokenized_output_len: 25
output_len: 14, retokenized_output_len: 0
output_len: 16, retokenized_output_len: 5
output_len: 87, retokenized_output_len: 0
output_len: 8, retokenized_output_len: 0
output_len: 123, retokenized_output_len: 0
output_len: 8, retokenized_output_len: 0
output_len: 452, retokenized_output_len: 0
output_len: 292, retokenized_output_len: 0
output_len: 14, retokenized_output_len: 34
output_len: 32, retokenized_output_len: 34
output_len: 5, retokenized_output_len: 30
output_len: 251, retokenized_output_len: 26
output_len: 381, retokenized_output_len: 5
output_len: 9, retokenized_output_len: 7
output_len: 61, retokenized_output_len: 12
output_len: 5, retokenized_output_len: 38
output_len: 106, retokenized_output_len: 0
output_len: 109, retokenized_output_len: 5
output_len: 51, retokenized_output_len: 3
output_len: 266, retokenized_output_len: 4
output_len: 286, retokenized_output_len: 4
output_len: 257, retokenized_output_len: 5
output_len: 52, retokenized_output_len: 2
output_len: 191, retokenized_output_len: 12
output_len: 139, retokenized_output_len: 0
output_len: 14, retokenized_output_len: 36
output_len: 775, retokenized_output_len: 2
output_len: 17, retokenized_output_len: 19
output_len: 95, retokenized_output_len: 5
output_len: 20, retokenized_output_len: 0
output_len: 85, retokenized_output_len: 30
output_len: 7, retokenized_output_len: 30
output_len: 254, retokenized_output_len: 5
output_len: 262, retokenized_output_len: 0
output_len: 128, retokenized_output_len: 26
output_len: 539, retokenized_output_len: 0
output_len: 297, retokenized_output_len: 2
output_len: 92, retokenized_output_len: 5
output_len: 210, retokenized_output_len: 5
output_len: 35, retokenized_output_len: 0
output_len: 19, retokenized_output_len: 0
output_len: 83, retokenized_output_len: 6
output_len: 44, retokenized_output_len: 0
output_len: 316, retokenized_output_len: 5
output_len: 861, retokenized_output_len: 0
output_len: 18, retokenized_output_len: 14
output_len: 367, retokenized_output_len: 0
output_len: 429, retokenized_output_len: 27
output_len: 17, retokenized_output_len: 27
output_len: 44, retokenized_output_len: 39
output_len: 7, retokenized_output_len: 5
output_len: 528, retokenized_output_len: 0
output_len: 118, retokenized_output_len: 3
output_len: 244, retokenized_output_len: 3
output_len: 6, retokenized_output_len: 0
output_len: 185, retokenized_output_len: 5
output_len: 72, retokenized_output_len: 32
output_len: 73, retokenized_output_len: 5
output_len: 293, retokenized_output_len: 5
output_len: 340, retokenized_output_len: 32
output_len: 100, retokenized_output_len: 5
output_len: 969, retokenized_output_len: 16
output_len: 110, retokenized_output_len: 5
output_len: 11, retokenized_output_len: 26
output_len: 12, retokenized_output_len: 22
output_len: 103, retokenized_output_len: 0
output_len: 256, retokenized_output_len: 34
output_len: 15, retokenized_output_len: 33
output_len: 13, retokenized_output_len: 32
output_len: 31, retokenized_output_len: 5
output_len: 406, retokenized_output_len: 30
output_len: 195, retokenized_output_len: 32
output_len: 163, retokenized_output_len: 32
output_len: 62, retokenized_output_len: 29
output_len: 359, retokenized_output_len: 30
output_len: 36, retokenized_output_len: 17
output_len: 8, retokenized_output_len: 12
output_len: 210, retokenized_output_len: 5
output_len: 419, retokenized_output_len: 5
output_len: 70, retokenized_output_len: 2
output_len: 633, retokenized_output_len: 25
output_len: 24, retokenized_output_len: 26
output_len: 426, retokenized_output_len: 24
output_len: 8, retokenized_output_len: 38
output_len: 292, retokenized_output_len: 38
output_len: 282, retokenized_output_len: 38
output_len: 62, retokenized_output_len: 38
output_len: 15, retokenized_output_len: 36
output_len: 321, retokenized_output_len: 36
output_len: 129, retokenized_output_len: 0
output_len: 396, retokenized_output_len: 36
output_len: 1002, retokenized_output_len: 4
output_len: 193, retokenized_output_len: 36
output_len: 321, retokenized_output_len: 33
output_len: 85, retokenized_output_len: 5
output_len: 142, retokenized_output_len: 0
output_len: 51, retokenized_output_len: 34
output_len: 28, retokenized_output_len: 32
output_len: 184, retokenized_output_len: 32
output_len: 79, retokenized_output_len: 32
output_len: 141, retokenized_output_len: 0
output_len: 673, retokenized_output_len: 32
output_len: 82, retokenized_output_len: 3
output_len: 16, retokenized_output_len: 26
output_len: 15, retokenized_output_len: 27
output_len: 81, retokenized_output_len: 6
output_len: 170, retokenized_output_len: 5
output_len: 286, retokenized_output_len: 2
output_len: 379, retokenized_output_len: 4
output_len: 256, retokenized_output_len: 0
output_len: 292, retokenized_output_len: 26
output_len: 888, retokenized_output_len: 14
output_len: 262, retokenized_output_len: 38
output_len: 59, retokenized_output_len: 38
output_len: 161, retokenized_output_len: 5
output_len: 235, retokenized_output_len: 36
output_len: 329, retokenized_output_len: 3
output_len: 11, retokenized_output_len: 36
output_len: 110, retokenized_output_len: 32
output_len: 763, retokenized_output_len: 5
output_len: 382, retokenized_output_len: 4
output_len: 360, retokenized_output_len: 6
output_len: 500, retokenized_output_len: 32
output_len: 134, retokenized_output_len: 32
output_len: 833, retokenized_output_len: 5
output_len: 9, retokenized_output_len: 27
output_len: 7, retokenized_output_len: 0
output_len: 14, retokenized_output_len: 0
output_len: 436, retokenized_output_len: 5
output_len: 107, retokenized_output_len: 0
output_len: 236, retokenized_output_len: 2
output_len: 6, retokenized_output_len: 0
output_len: 16, retokenized_output_len: 0
output_len: 223, retokenized_output_len: 24
output_len: 920, retokenized_output_len: 26
output_len: 18, retokenized_output_len: 37
output_len: 256, retokenized_output_len: 5
output_len: 64, retokenized_output_len: 2
output_len: 8, retokenized_output_len: 5
output_len: 589, retokenized_output_len: 2
output_len: 14, retokenized_output_len: 5
output_len: 17, retokenized_output_len: 0
output_len: 554, retokenized_output_len: 0
output_len: 240, retokenized_output_len: 5
output_len: 50, retokenized_output_len: 0
output_len: 148, retokenized_output_len: 0
output_len: 578, retokenized_output_len: 0
output_len: 752, retokenized_output_len: 5
output_len: 385, retokenized_output_len: 0
output_len: 310, retokenized_output_len: 5
output_len: 5, retokenized_output_len: 5
output_len: 787, retokenized_output_len: 0
output_len: 12, retokenized_output_len: 4
output_len: 181, retokenized_output_len: 0
output_len: 25, retokenized_output_len: 0
output_len: 446, retokenized_output_len: 0
output_len: 81, retokenized_output_len: 7
output_len: 432, retokenized_output_len: 6
output_len: 903, retokenized_output_len: 5
output_len: 420, retokenized_output_len: 0
output_len: 111, retokenized_output_len: 4
output_len: 619, retokenized_output_len: 4
output_len: 31, retokenized_output_len: 0
output_len: 17, retokenized_output_len: 0
output_len: 22, retokenized_output_len: 0
output_len: 7, retokenized_output_len: 0
output_len: 37, retokenized_output_len: 0
output_len: 53, retokenized_output_len: 4
output_len: 331, retokenized_output_len: 0
output_len: 91, retokenized_output_len: 39
output_len: 10, retokenized_output_len: 21
output_len: 143, retokenized_output_len: 12
output_len: 17, retokenized_output_len: 4
output_len: 189, retokenized_output_len: 5
output_len: 46, retokenized_output_len: 0
output_len: 37, retokenized_output_len: 5
output_len: 771, retokenized_output_len: 0
output_len: 383, retokenized_output_len: 0
output_len: 627, retokenized_output_len: 0
output_len: 378, retokenized_output_len: 0
output_len: 42, retokenized_output_len: 7
output_len: 21, retokenized_output_len: 10
output_len: 38, retokenized_output_len: 5
output_len: 341, retokenized_output_len: 0
output_len: 217, retokenized_output_len: 0
output_len: 576, retokenized_output_len: 8
output_len: 355, retokenized_output_len: 6
output_len: 328, retokenized_output_len: 6
output_len: 358, retokenized_output_len: 8
output_len: 580, retokenized_output_len: 10
output_len: 429, retokenized_output_len: 6
output_len: 457, retokenized_output_len: 8
output_len: 147, retokenized_output_len: 12
output_len: 203, retokenized_output_len: 0
output_len: 355, retokenized_output_len: 8
output_len: 29, retokenized_output_len: 10
output_len: 243, retokenized_output_len: 10
output_len: 332, retokenized_output_len: 8
output_len: 271, retokenized_output_len: 8
output_len: 415, retokenized_output_len: 6
output_len: 298, retokenized_output_len: 8
output_len: 286, retokenized_output_len: 11
output_len: 483, retokenized_output_len: 6
output_len: 411, retokenized_output_len: 2
output_len: 188, retokenized_output_len: 3
output_len: 275, retokenized_output_len: 3
output_len: 261, retokenized_output_len: 0
output_len: 508, retokenized_output_len: 4
output_len: 297, retokenized_output_len: 6
output_len: 259, retokenized_output_len: 6
output_len: 367, retokenized_output_len: 8
output_len: 217, retokenized_output_len: 10
output_len: 116, retokenized_output_len: 13
output_len: 359, retokenized_output_len: 11
output_len: 233, retokenized_output_len: 8
output_len: 467, retokenized_output_len: 5
output_len: 316, retokenized_output_len: 8
output_len: 243, retokenized_output_len: 4
output_len: 273, retokenized_output_len: 1
output_len: 373, retokenized_output_len: 5
output_len: 442, retokenized_output_len: 3
output_len: 449, retokenized_output_len: 6
output_len: 540, retokenized_output_len: 6
output_len: 341, retokenized_output_len: 6
output_len: 365, retokenized_output_len: 22
output_len: 113, retokenized_output_len: 28
output_len: 307, retokenized_output_len: 19
output_len: 348, retokenized_output_len: 17
output_len: 294, retokenized_output_len: 19
output_len: 107, retokenized_output_len: 23
output_len: 336, retokenized_output_len: 19
output_len: 704, retokenized_output_len: 10
output_len: 378, retokenized_output_len: 8
output_len: 354, retokenized_output_len: 7
output_len: 265, retokenized_output_len: 11
output_len: 278, retokenized_output_len: 11
output_len: 247, retokenized_output_len: 8
output_len: 78, retokenized_output_len: 8
output_len: 329, retokenized_output_len: 8
output_len: 390, retokenized_output_len: 10
output_len: 147, retokenized_output_len: 8
output_len: 591, retokenized_output_len: 7
output_len: 164, retokenized_output_len: 8
output_len: 184, retokenized_output_len: 5
output_len: 308, retokenized_output_len: 0
output_len: 244, retokenized_output_len: 6
output_len: 26, retokenized_output_len: 0
output_len: 463, retokenized_output_len: 2
output_len: 167, retokenized_output_len: 10
output_len: 62, retokenized_output_len: 6
output_len: 260, retokenized_output_len: 0
output_len: 574, retokenized_output_len: 8
output_len: 552, retokenized_output_len: 17
output_len: 325, retokenized_output_len: 14
output_len: 303, retokenized_output_len: 14
output_len: 92, retokenized_output_len: 10
output_len: 236, retokenized_output_len: 12
output_len: 12, retokenized_output_len: 8
output_len: 288, retokenized_output_len: 8
output_len: 136, retokenized_output_len: 7
output_len: 7, retokenized_output_len: 8
output_len: 260, retokenized_output_len: 8
output_len: 408, retokenized_output_len: 8
output_len: 278, retokenized_output_len: 8
output_len: 108, retokenized_output_len: 11
output_len: 155, retokenized_output_len: 8
output_len: 261, retokenized_output_len: 6
output_len: 51, retokenized_output_len: 11
output_len: 270, retokenized_output_len: 6
output_len: 269, retokenized_output_len: 6
output_len: 490, retokenized_output_len: 7
output_len: 584, retokenized_output_len: 8
output_len: 269, retokenized_output_len: 8
output_len: 482, retokenized_output_len: 0
output_len: 53, retokenized_output_len: 3
output_len: 262, retokenized_output_len: 6
output_len: 176, retokenized_output_len: 6
output_len: 397, retokenized_output_len: 16
output_len: 440, retokenized_output_len: 16
output_len: 290, retokenized_output_len: 2
output_len: 26, retokenized_output_len: 0
output_len: 300, retokenized_output_len: 5
output_len: 755, retokenized_output_len: 5
output_len: 166, retokenized_output_len: 8
output_len: 24, retokenized_output_len: 0
output_len: 54, retokenized_output_len: 8
output_len: 124, retokenized_output_len: 7
output_len: 295, retokenized_output_len: 4
output_len: 103, retokenized_output_len: 11
output_len: 637, retokenized_output_len: 5
output_len: 14, retokenized_output_len: 4
output_len: 126, retokenized_output_len: 0
output_len: 273, retokenized_output_len: 4
output_len: 341, retokenized_output_len: 4
output_len: 384, retokenized_output_len: 8
output_len: 315, retokenized_output_len: 8
output_len: 337, retokenized_output_len: 6
output_len: 393, retokenized_output_len: 11
output_len: 91, retokenized_output_len: 2
output_len: 327, retokenized_output_len: 8
output_len: 18, retokenized_output_len: 6
output_len: 141, retokenized_output_len: 8
output_len: 91, retokenized_output_len: 8
output_len: 975, retokenized_output_len: 6
output_len: 235, retokenized_output_len: 10
output_len: 196, retokenized_output_len: 6
output_len: 529, retokenized_output_len: 8
output_len: 376, retokenized_output_len: 8
output_len: 33, retokenized_output_len: 11
output_len: 901, retokenized_output_len: 11
output_len: 354, retokenized_output_len: 6
output_len: 584, retokenized_output_len: 6
output_len: 538, retokenized_output_len: 6
output_len: 1006, retokenized_output_len: 8
output_len: 318, retokenized_output_len: 8
output_len: 51, retokenized_output_len: 6
output_len: 149, retokenized_output_len: 5
output_len: 250, retokenized_output_len: 8
output_len: 145, retokenized_output_len: 8
output_len: 282, retokenized_output_len: 7
output_len: 36, retokenized_output_len: 8
output_len: 77, retokenized_output_len: 14
output_len: 299, retokenized_output_len: 11
output_len: 440, retokenized_output_len: 5
output_len: 135, retokenized_output_len: 0
output_len: 324, retokenized_output_len: 8
output_len: 277, retokenized_output_len: 0
output_len: 33, retokenized_output_len: 8
output_len: 108, retokenized_output_len: 6
output_len: 235, retokenized_output_len: 6
output_len: 425, retokenized_output_len: 8
output_len: 126, retokenized_output_len: 6
output_len: 496, retokenized_output_len: 6
output_len: 316, retokenized_output_len: 11
output_len: 361, retokenized_output_len: 8
output_len: 322, retokenized_output_len: 4
output_len: 275, retokenized_output_len: 9
output_len: 269, retokenized_output_len: 6
output_len: 298, retokenized_output_len: 6
output_len: 545, retokenized_output_len: 10
output_len: 400, retokenized_output_len: 6
output_len: 27, retokenized_output_len: 14
output_len: 432, retokenized_output_len: 11
output_len: 7, retokenized_output_len: 13
output_len: 241, retokenized_output_len: 9
output_len: 859, retokenized_output_len: 8
output_len: 259, retokenized_output_len: 16
output_len: 296, retokenized_output_len: 9
output_len: 76, retokenized_output_len: 8
output_len: 339, retokenized_output_len: 8
output_len: 167, retokenized_output_len: 6
output_len: 254, retokenized_output_len: 10
output_len: 104, retokenized_output_len: 12
output_len: 477, retokenized_output_len: 6
output_len: 10, retokenized_output_len: 6
output_len: 185, retokenized_output_len: 8
output_len: 61, retokenized_output_len: 9
output_len: 450, retokenized_output_len: 10
output_len: 292, retokenized_output_len: 8
output_len: 264, retokenized_output_len: 8
output_len: 43, retokenized_output_len: 8
output_len: 280, retokenized_output_len: 8
output_len: 134, retokenized_output_len: 11
output_len: 358, retokenized_output_len: 9
output_len: 266, retokenized_output_len: 11
output_len: 76, retokenized_output_len: 14
output_len: 10, retokenized_output_len: 16
output_len: 281, retokenized_output_len: 30
output_len: 404, retokenized_output_len: 30
output_len: 258, retokenized_output_len: 30
output_len: 8, retokenized_output_len: 30
output_len: 44, retokenized_output_len: 30
output_len: 21, retokenized_output_len: 16
output_len: 515, retokenized_output_len: 30
output_len: 27, retokenized_output_len: 30
output_len: 81, retokenized_output_len: 30
output_len: 511, retokenized_output_len: 30
output_len: 197, retokenized_output_len: 30
output_len: 186, retokenized_output_len: 30
output_len: 363, retokenized_output_len: 30
output_len: 250, retokenized_output_len: 30
output_len: 500, retokenized_output_len: 30
output_len: 144, retokenized_output_len: 30
output_len: 221, retokenized_output_len: 25
output_len: 93, retokenized_output_len: 15
output_len: 91, retokenized_output_len: 30
output_len: 528, retokenized_output_len: 29
output_len: 40, retokenized_output_len: 28
output_len: 186, retokenized_output_len: 24
output_len: 10, retokenized_output_len: 24
output_len: 293, retokenized_output_len: 24
output_len: 88, retokenized_output_len: 24
output_len: 43, retokenized_output_len: 23
output_len: 112, retokenized_output_len: 24
output_len: 269, retokenized_output_len: 24
output_len: 299, retokenized_output_len: 24
output_len: 171, retokenized_output_len: 24
output_len: 554, retokenized_output_len: 24
output_len: 470, retokenized_output_len: 24
output_len: 4, retokenized_output_len: 14
output_len: 18, retokenized_output_len: 24
output_len: 935, retokenized_output_len: 24
output_len: 593, retokenized_output_len: 24
output_len: 49, retokenized_output_len: 30
output_len: 219, retokenized_output_len: 24
output_len: 8, retokenized_output_len: 30
output_len: 145, retokenized_output_len: 23
output_len: 6, retokenized_output_len: 11
output_len: 56, retokenized_output_len: 24
output_len: 33, retokenized_output_len: 24
output_len: 11, retokenized_output_len: 23
output_len: 549, retokenized_output_len: 23
output_len: 10, retokenized_output_len: 24
output_len: 136, retokenized_output_len: 30
output_len: 459, retokenized_output_len: 24
output_len: 262, retokenized_output_len: 28
output_len: 878, retokenized_output_len: 24
output_len: 189, retokenized_output_len: 24
output_len: 27, retokenized_output_len: 24
output_len: 45, retokenized_output_len: 24
output_len: 278, retokenized_output_len: 24
output_len: 262, retokenized_output_len: 22
output_len: 14, retokenized_output_len: 10
output_len: 11, retokenized_output_len: 24
output_len: 91, retokenized_output_len: 24
output_len: 50, retokenized_output_len: 30
output_len: 12, retokenized_output_len: 10
output_len: 29, retokenized_output_len: 30
output_len: 16, retokenized_output_len: 24
output_len: 95, retokenized_output_len: 23
output_len: 4, retokenized_output_len: 24
output_len: 16, retokenized_output_len: 24
output_len: 580, retokenized_output_len: 22
output_len: 40, retokenized_output_len: 23
output_len: 25, retokenized_output_len: 11
output_len: 251, retokenized_output_len: 24
output_len: 757, retokenized_output_len: 25
output_len: 113, retokenized_output_len: 29
output_len: 13, retokenized_output_len: 11
output_len: 361, retokenized_output_len: 30
output_len: 938, retokenized_output_len: 24
output_len: 26, retokenized_output_len: 24
output_len: 9, retokenized_output_len: 11
output_len: 33, retokenized_output_len: 24
output_len: 119, retokenized_output_len: 24
output_len: 61, retokenized_output_len: 11
output_len: 87, retokenized_output_len: 24
output_len: 298, retokenized_output_len: 24
output_len: 273, retokenized_output_len: 23
output_len: 384, retokenized_output_len: 24
output_len: 1025, retokenized_output_len: 30
output_len: 369, retokenized_output_len: 24
output_len: 223, retokenized_output_len: 24
output_len: 41, retokenized_output_len: 29
output_len: 299, retokenized_output_len: 24
output_len: 599, retokenized_output_len: 24
output_len: 17, retokenized_output_len: 23
output_len: 384, retokenized_output_len: 23
output_len: 7, retokenized_output_len: 23
output_len: 416, retokenized_output_len: 21
output_len: 11, retokenized_output_len: 24
output_len: 66, retokenized_output_len: 24
output_len: 597, retokenized_output_len: 23
output_len: 176, retokenized_output_len: 30
output_len: 30, retokenized_output_len: 30
output_len: 130, retokenized_output_len: 24
output_len: 252, retokenized_output_len: 22
output_len: 225, retokenized_output_len: 24
output_len: 107, retokenized_output_len: 24
output_len: 19, retokenized_output_len: 24
output_len: 351, retokenized_output_len: 23
output_len: 41, retokenized_output_len: 22
output_len: 32, retokenized_output_len: 30
output_len: 103, retokenized_output_len: 30
output_len: 73, retokenized_output_len: 24
output_len: 30, retokenized_output_len: 15
output_len: 51, retokenized_output_len: 30
output_len: 819, retokenized_output_len: 22
output_len: 240, retokenized_output_len: 22
output_len: 4, retokenized_output_len: 24
output_len: 5, retokenized_output_len: 11
output_len: 27, retokenized_output_len: 24
output_len: 841, retokenized_output_len: 24
output_len: 277, retokenized_output_len: 24
output_len: 340, retokenized_output_len: 30
output_len: 595, retokenized_output_len: 29
output_len: 90, retokenized_output_len: 24
output_len: 11, retokenized_output_len: 29
output_len: 204, retokenized_output_len: 29
output_len: 12, retokenized_output_len: 24
output_len: 208, retokenized_output_len: 24
output_len: 536, retokenized_output_len: 24
output_len: 272, retokenized_output_len: 30
output_len: 194, retokenized_output_len: 30
output_len: 84, retokenized_output_len: 23
output_len: 145, retokenized_output_len: 24
output_len: 123, retokenized_output_len: 24
output_len: 737, retokenized_output_len: 22
output_len: 193, retokenized_output_len: 23
output_len: 216, retokenized_output_len: 24
output_len: 89, retokenized_output_len: 24
output_len: 269, retokenized_output_len: 30
output_len: 150, retokenized_output_len: 23
output_len: 810, retokenized_output_len: 30
output_len: 150, retokenized_output_len: 30
output_len: 52, retokenized_output_len: 11
output_len: 22, retokenized_output_len: 24
output_len: 19, retokenized_output_len: 23
output_len: 107, retokenized_output_len: 15
output_len: 300, retokenized_output_len: 22
output_len: 106, retokenized_output_len: 24
output_len: 281, retokenized_output_len: 24
output_len: 260, retokenized_output_len: 23
output_len: 9, retokenized_output_len: 24
output_len: 6, retokenized_output_len: 23
output_len: 113, retokenized_output_len: 29
output_len: 445, retokenized_output_len: 29
output_len: 28, retokenized_output_len: 24
output_len: 306, retokenized_output_len: 15
output_len: 42, retokenized_output_len: 23
output_len: 284, retokenized_output_len: 16
output_len: 123, retokenized_output_len: 18
output_len: 43, retokenized_output_len: 16
output_len: 330, retokenized_output_len: 23
output_len: 133, retokenized_output_len: 20
output_len: 172, retokenized_output_len: 24
output_len: 12, retokenized_output_len: 15
output_len: 29, retokenized_output_len: 5
output_len: 521, retokenized_output_len: 3
output_len: 29, retokenized_output_len: 11
output_len: 609, retokenized_output_len: 10
output_len: 142, retokenized_output_len: 30
output_len: 293, retokenized_output_len: 5
output_len: 837, retokenized_output_len: 5
output_len: 169, retokenized_output_len: 5
output_len: 135, retokenized_output_len: 3
output_len: 404, retokenized_output_len: 3
output_len: 32, retokenized_output_len: 30
output_len: 357, retokenized_output_len: 5
output_len: 305, retokenized_output_len: 5
output_len: 60, retokenized_output_len: 0
output_len: 7, retokenized_output_len: 8
output_len: 18, retokenized_output_len: 30
output_len: 401, retokenized_output_len: 8
output_len: 537, retokenized_output_len: 24
output_len: 70, retokenized_output_len: 6
output_len: 141, retokenized_output_len: 6
output_len: 181, retokenized_output_len: 4
output_len: 61, retokenized_output_len: 11
output_len: 208, retokenized_output_len: 6
output_len: 82, retokenized_output_len: 24
output_len: 256, retokenized_output_len: 12
output_len: 586, retokenized_output_len: 24
output_len: 370, retokenized_output_len: 14
output_len: 333, retokenized_output_len: 22
output_len: 140, retokenized_output_len: 0
output_len: 761, retokenized_output_len: 27
output_len: 45, retokenized_output_len: 16
output_len: 284, retokenized_output_len: 14
output_len: 501, retokenized_output_len: 13
output_len: 199, retokenized_output_len: 24
output_len: 194, retokenized_output_len: 11
output_len: 316, retokenized_output_len: 8
output_len: 29, retokenized_output_len: 11
output_len: 549, retokenized_output_len: 7
output_len: 62, retokenized_output_len: 8
output_len: 5, retokenized_output_len: 11
output_len: 151, retokenized_output_len: 18
output_len: 428, retokenized_output_len: 21
output_len: 24, retokenized_output_len: 11
output_len: 88, retokenized_output_len: 18
output_len: 283, retokenized_output_len: 20
output_len: 882, retokenized_output_len: 23
output_len: 22, retokenized_output_len: 20
output_len: 454, retokenized_output_len: 12
output_len: 145, retokenized_output_len: 11
output_len: 86, retokenized_output_len: 24
output_len: 77, retokenized_output_len: 0
output_len: 708, retokenized_output_len: 8
output_len: 18, retokenized_output_len: 15
output_len: 236, retokenized_output_len: 6
output_len: 28, retokenized_output_len: 30
output_len: 114, retokenized_output_len: 4
output_len: 267, retokenized_output_len: 3
output_len: 953, retokenized_output_len: 8
output_len: 573, retokenized_output_len: 8
output_len: 102, retokenized_output_len: 24
output_len: 30, retokenized_output_len: 24
output_len: 197, retokenized_output_len: 30
output_len: 243, retokenized_output_len: 30
output_len: 15, retokenized_output_len: 30
output_len: 184, retokenized_output_len: 24
output_len: 29, retokenized_output_len: 23
output_len: 83, retokenized_output_len: 18
output_len: 175, retokenized_output_len: 24
output_len: 670, retokenized_output_len: 22
output_len: 48, retokenized_output_len: 11
output_len: 25, retokenized_output_len: 11
output_len: 355, retokenized_output_len: 22
output_len: 175, retokenized_output_len: 24
output_len: 77, retokenized_output_len: 30
output_len: 231, retokenized_output_len: 24
output_len: 489, retokenized_output_len: 15
output_len: 245, retokenized_output_len: 0
output_len: 766, retokenized_output_len: 28
output_len: 5, retokenized_output_len: 30
output_len: 290, retokenized_output_len: 24
output_len: 7, retokenized_output_len: 14
output_len: 263, retokenized_output_len: 24
output_len: 45, retokenized_output_len: 24
output_len: 10, retokenized_output_len: 24
output_len: 145, retokenized_output_len: 23
output_len: 50, retokenized_output_len: 24
output_len: 122, retokenized_output_len: 24
output_len: 335, retokenized_output_len: 24
output_len: 435, retokenized_output_len: 30
output_len: 107, retokenized_output_len: 24
output_len: 27, retokenized_output_len: 24
output_len: 160, retokenized_output_len: 24
output_len: 305, retokenized_output_len: 30
output_len: 214, retokenized_output_len: 30
output_len: 32, retokenized_output_len: 30
output_len: 37, retokenized_output_len: 24
output_len: 265, retokenized_output_len: 24
output_len: 811, retokenized_output_len: 3
output_len: 9, retokenized_output_len: 11
output_len: 309, retokenized_output_len: 23
output_len: 5, retokenized_output_len: 11
output_len: 354, retokenized_output_len: 28
output_len: 21, retokenized_output_len: 24
output_len: 797, retokenized_output_len: 24
output_len: 397, retokenized_output_len: 20
output_len: 239, retokenized_output_len: 4
output_len: 8, retokenized_output_len: 17
output_len: 120, retokenized_output_len: 30
output_len: 789, retokenized_output_len: 22
output_len: 531, retokenized_output_len: 23
output_len: 181, retokenized_output_len: 0
output_len: 37, retokenized_output_len: 23
output_len: 40, retokenized_output_len: 15
output_len: 10, retokenized_output_len: 0
output_len: 26, retokenized_output_len: 5
output_len: 14, retokenized_output_len: 22
output_len: 11, retokenized_output_len: 24
output_len: 309, retokenized_output_len: 22
output_len: 332, retokenized_output_len: 20
output_len: 28, retokenized_output_len: 24
output_len: 778, retokenized_output_len: 19
output_len: 692, retokenized_output_len: 19
output_len: 388, retokenized_output_len: 11
output_len: 189, retokenized_output_len: 16
output_len: 80, retokenized_output_len: 5
output_len: 388, retokenized_output_len: 4
output_len: 13, retokenized_output_len: 30
output_len: 221, retokenized_output_len: 28
output_len: 570, retokenized_output_len: 2
output_len: 79, retokenized_output_len: 4
output_len: 296, retokenized_output_len: 0
output_len: 118, retokenized_output_len: 8
output_len: 229, retokenized_output_len: 8
output_len: 99, retokenized_output_len: 11
output_len: 13, retokenized_output_len: 5
output_len: 203, retokenized_output_len: 4
output_len: 6, retokenized_output_len: 30
output_len: 545, retokenized_output_len: 4
output_len: 21, retokenized_output_len: 24
output_len: 366, retokenized_output_len: 8
output_len: 530, retokenized_output_len: 24
output_len: 493, retokenized_output_len: 5
output_len: 280, retokenized_output_len: 11
output_len: 436, retokenized_output_len: 0
output_len: 464, retokenized_output_len: 29
output_len: 155, retokenized_output_len: 14
output_len: 105, retokenized_output_len: 8
output_len: 20, retokenized_output_len: 30
output_len: 34, retokenized_output_len: 8
output_len: 235, retokenized_output_len: 5
output_len: 233, retokenized_output_len: 29
output_len: 262, retokenized_output_len: 3
output_len: 310, retokenized_output_len: 11
output_len: 167, retokenized_output_len: 30
output_len: 336, retokenized_output_len: 8
output_len: 45, retokenized_output_len: 11
output_len: 730, retokenized_output_len: 8
output_len: 236, retokenized_output_len: 30
output_len: 134, retokenized_output_len: 24
output_len: 730, retokenized_output_len: 11
output_len: 20, retokenized_output_len: 6
output_len: 25, retokenized_output_len: 24
output_len: 256, retokenized_output_len: 8
output_len: 213, retokenized_output_len: 7
output_len: 39, retokenized_output_len: 22
output_len: 414, retokenized_output_len: 6
output_len: 312, retokenized_output_len: 30
output_len: 55, retokenized_output_len: 11
output_len: 359, retokenized_output_len: 7
output_len: 110, retokenized_output_len: 22
output_len: 40, retokenized_output_len: 5
output_len: 123, retokenized_output_len: 8
output_len: 102, retokenized_output_len: 24
output_len: 193, retokenized_output_len: 8
output_len: 67, retokenized_output_len: 28
output_len: 273, retokenized_output_len: 6
output_len: 236, retokenized_output_len: 8
output_len: 73, retokenized_output_len: 24
output_len: 149, retokenized_output_len: 11
output_len: 32, retokenized_output_len: 11
output_len: 356, retokenized_output_len: 24
output_len: 29, retokenized_output_len: 17
output_len: 13, retokenized_output_len: 21
output_len: 203, retokenized_output_len: 24
output_len: 316, retokenized_output_len: 19
output_len: 51, retokenized_output_len: 16
output_len: 20, retokenized_output_len: 14
output_len: 26, retokenized_output_len: 24
output_len: 274, retokenized_output_len: 11
output_len: 677, retokenized_output_len: 15
output_len: 543, retokenized_output_len: 8
output_len: 444, retokenized_output_len: 21
output_len: 40, retokenized_output_len: 13
output_len: 308, retokenized_output_len: 30
output_len: 38, retokenized_output_len: 8
output_len: 47, retokenized_output_len: 24
output_len: 294, retokenized_output_len: 23
output_len: 127, retokenized_output_len: 23
output_len: 342, retokenized_output_len: 10
output_len: 493, retokenized_output_len: 6
output_len: 241, retokenized_output_len: 8
output_len: 343, retokenized_output_len: 28
output_len: 303, retokenized_output_len: 8
output_len: 153, retokenized_output_len: 28
output_len: 556, retokenized_output_len: 24
output_len: 14, retokenized_output_len: 11
output_len: 262, retokenized_output_len: 9
output_len: 508, retokenized_output_len: 7
output_len: 90, retokenized_output_len: 19
output_len: 296, retokenized_output_len: 6
output_len: 296, retokenized_output_len: 30
output_len: 125, retokenized_output_len: 16
output_len: 20, retokenized_output_len: 24
output_len: 468, retokenized_output_len: 9
output_len: 233, retokenized_output_len: 6
output_len: 531, retokenized_output_len: 28
output_len: 327, retokenized_output_len: 13
output_len: 314, retokenized_output_len: 24
output_len: 433, retokenized_output_len: 6
output_len: 909, retokenized_output_len: 28
output_len: 278, retokenized_output_len: 4
output_len: 376, retokenized_output_len: 6
output_len: 818, retokenized_output_len: 24
output_len: 287, retokenized_output_len: 14
output_len: 132, retokenized_output_len: 2
output_len: 626, retokenized_output_len: 0
output_len: 400, retokenized_output_len: 5
output_len: 32, retokenized_output_len: 12
output_len: 321, retokenized_output_len: 8
output_len: 29, retokenized_output_len: 30
output_len: 248, retokenized_output_len: 24
output_len: 96, retokenized_output_len: 8
output_len: 618, retokenized_output_len: 2
output_len: 388, retokenized_output_len: 24
output_len: 231, retokenized_output_len: 8
output_len: 253, retokenized_output_len: 3
output_len: 441, retokenized_output_len: 24
output_len: 110, retokenized_output_len: 5
output_len: 105, retokenized_output_len: 0
output_len: 769, retokenized_output_len: 8
output_len: 28, retokenized_output_len: 29
output_len: 21, retokenized_output_len: 2
output_len: 560, retokenized_output_len: 3
output_len: 773, retokenized_output_len: 2
output_len: 362, retokenized_output_len: 22
output_len: 212, retokenized_output_len: 5
output_len: 10, retokenized_output_len: 24
output_len: 414, retokenized_output_len: 8
output_len: 21, retokenized_output_len: 5
output_len: 410, retokenized_output_len: 24
output_len: 31, retokenized_output_len: 8
output_len: 76, retokenized_output_len: 14
output_len: 268, retokenized_output_len: 14
output_len: 346, retokenized_output_len: 15
output_len: 522, retokenized_output_len: 5
output_len: 210, retokenized_output_len: 23
output_len: 35, retokenized_output_len: 5
output_len: 174, retokenized_output_len: 2
output_len: 383, retokenized_output_len: 5
output_len: 640, retokenized_output_len: 3
output_len: 6, retokenized_output_len: 10
output_len: 115, retokenized_output_len: 23
output_len: 293, retokenized_output_len: 5
output_len: 8, retokenized_output_len: 30
output_len: 17, retokenized_output_len: 4
output_len: 27, retokenized_output_len: 24
output_len: 25, retokenized_output_len: 0
output_len: 74, retokenized_output_len: 5
output_len: 530, retokenized_output_len: 7
output_len: 183, retokenized_output_len: 6
output_len: 125, retokenized_output_len: 7
output_len: 107, retokenized_output_len: 8
output_len: 486, retokenized_output_len: 8
output_len: 464, retokenized_output_len: 22
output_len: 107, retokenized_output_len: 14
output_len: 997, retokenized_output_len: 28
output_len: 1020, retokenized_output_len: 22
output_len: 388, retokenized_output_len: 6
output_len: 46, retokenized_output_len: 24
output_len: 253, retokenized_output_len: 11
output_len: 133, retokenized_output_len: 8
output_len: 814, retokenized_output_len: 30
output_len: 384, retokenized_output_len: 4
output_len: 152, retokenized_output_len: 22
output_len: 316, retokenized_output_len: 0
output_len: 118, retokenized_output_len: 8
output_len: 453, retokenized_output_len: 5
output_len: 116, retokenized_output_len: 7
output_len: 38, retokenized_output_len: 16
output_len: 92, retokenized_output_len: 0
output_len: 215, retokenized_output_len: 30
output_len: 101, retokenized_output_len: 14
output_len: 5, retokenized_output_len: 30
output_len: 50, retokenized_output_len: 9
output_len: 25, retokenized_output_len: 30
output_len: 192, retokenized_output_len: 0
output_len: 198, retokenized_output_len: 7
output_len: 89, retokenized_output_len: 30
output_len: 18, retokenized_output_len: 30
output_len: 47, retokenized_output_len: 11
output_len: 104, retokenized_output_len: 8
output_len: 222, retokenized_output_len: 30
output_len: 288, retokenized_output_len: 30
output_len: 34, retokenized_output_len: 8
output_len: 35, retokenized_output_len: 25
output_len: 864, retokenized_output_len: 5
output_len: 409, retokenized_output_len: 8
output_len: 242, retokenized_output_len: 11
output_len: 489, retokenized_output_len: 30
output_len: 267, retokenized_output_len: 4
output_len: 307, retokenized_output_len: 8
output_len: 42, retokenized_output_len: 28
output_len: 360, retokenized_output_len: 21
output_len: 168, retokenized_output_len: 28
output_len: 177, retokenized_output_len: 30
output_len: 414, retokenized_output_len: 0
output_len: 136, retokenized_output_len: 2
output_len: 424, retokenized_output_len: 5
output_len: 8, retokenized_output_len: 14
output_len: 6, retokenized_output_len: 12
output_len: 355, retokenized_output_len: 11
output_len: 307, retokenized_output_len: 5
output_len: 216, retokenized_output_len: 30
output_len: 42, retokenized_output_len: 11
output_len: 10, retokenized_output_len: 7
output_len: 630, retokenized_output_len: 30
output_len: 348, retokenized_output_len: 4
output_len: 51, retokenized_output_len: 28
output_len: 43, retokenized_output_len: 0
output_len: 104, retokenized_output_len: 19
output_len: 13, retokenized_output_len: 0
output_len: 346, retokenized_output_len: 10
output_len: 9, retokenized_output_len: 3
output_len: 10, retokenized_output_len: 30
output_len: 235, retokenized_output_len: 9
output_len: 55, retokenized_output_len: 30
output_len: 30, retokenized_output_len: 24
output_len: 30, retokenized_output_len: 14
output_len: 19, retokenized_output_len: 24
output_len: 17, retokenized_output_len: 5
output_len: 5, retokenized_output_len: 6
output_len: 307, retokenized_output_len: 11
output_len: 319, retokenized_output_len: 0
output_len: 56, retokenized_output_len: 6
output_len: 349, retokenized_output_len: 5
output_len: 260, retokenized_output_len: 11
output_len: 507, retokenized_output_len: 9
output_len: 35, retokenized_output_len: 14
output_len: 761, retokenized_output_len: 8
output_len: 289, retokenized_output_len: 8
output_len: 7, retokenized_output_len: 14
output_len: 36, retokenized_output_len: 8
output_len: 5, retokenized_output_len: 18
output_len: 968, retokenized_output_len: 6
output_len: 126, retokenized_output_len: 7
output_len: 169, retokenized_output_len: 30
output_len: 48, retokenized_output_len: 8
output_len: 221, retokenized_output_len: 25
output_len: 20, retokenized_output_len: 14
output_len: 464, retokenized_output_len: 4
output_len: 499, retokenized_output_len: 4
output_len: 212, retokenized_output_len: 19
output_len: 69, retokenized_output_len: 29
output_len: 324, retokenized_output_len: 0
output_len: 238, retokenized_output_len: 4
output_len: 891, retokenized_output_len: 20
output_len: 589, retokenized_output_len: 28
output_len: 65, retokenized_output_len: 18
output_len: 627, retokenized_output_len: 10
output_len: 801, retokenized_output_len: 29
output_len: 653, retokenized_output_len: 6
output_len: 278, retokenized_output_len: 13
output_len: 349, retokenized_output_len: 28
output_len: 26, retokenized_output_len: 26
output_len: 383, retokenized_output_len: 17
output_len: 636, retokenized_output_len: 6
output_len: 607, retokenized_output_len: 6
output_len: 154, retokenized_output_len: 4
output_len: 30, retokenized_output_len: 20
output_len: 197, retokenized_output_len: 20
output_len: 5, retokenized_output_len: 27
output_len: 531, retokenized_output_len: 16
output_len: 70, retokenized_output_len: 5
output_len: 328, retokenized_output_len: 17
output_len: 247, retokenized_output_len: 26
output_len: 568, retokenized_output_len: 26
output_len: 291, retokenized_output_len: 26
output_len: 38, retokenized_output_len: 21
output_len: 370, retokenized_output_len: 9
output_len: 39, retokenized_output_len: 27
output_len: 15, retokenized_output_len: 24
output_len: 524, retokenized_output_len: 27
output_len: 401, retokenized_output_len: 8
output_len: 27, retokenized_output_len: 9
output_len: 22, retokenized_output_len: 16
output_len: 15, retokenized_output_len: 25
output_len: 202, retokenized_output_len: 8
output_len: 345, retokenized_output_len: 27
output_len: 166, retokenized_output_len: 13
output_len: 264, retokenized_output_len: 0
output_len: 321, retokenized_output_len: 26
output_len: 239, retokenized_output_len: 7
output_len: 318, retokenized_output_len: 27
output_len: 714, retokenized_output_len: 27
output_len: 192, retokenized_output_len: 8
output_len: 192, retokenized_output_len: 6
output_len: 670, retokenized_output_len: 25
output_len: 286, retokenized_output_len: 8
output_len: 278, retokenized_output_len: 6
output_len: 549, retokenized_output_len: 25
output_len: 257, retokenized_output_len: 26
output_len: 129, retokenized_output_len: 25
output_len: 678, retokenized_output_len: 25
output_len: 372, retokenized_output_len: 19
output_len: 503, retokenized_output_len: 27
output_len: 30, retokenized_output_len: 24
output_len: 212, retokenized_output_len: 26
output_len: 365, retokenized_output_len: 18
output_len: 322, retokenized_output_len: 27
output_len: 4, retokenized_output_len: 27
output_len: 309, retokenized_output_len: 27
output_len: 323, retokenized_output_len: 12
output_len: 196, retokenized_output_len: 25
output_len: 46, retokenized_output_len: 18
output_len: 129, retokenized_output_len: 8
output_len: 26, retokenized_output_len: 14
output_len: 434, retokenized_output_len: 13
output_len: 31, retokenized_output_len: 21
output_len: 310, retokenized_output_len: 6
output_len: 4, retokenized_output_len: 27
output_len: 11, retokenized_output_len: 12
output_len: 442, retokenized_output_len: 4
output_len: 307, retokenized_output_len: 27
output_len: 528, retokenized_output_len: 0
output_len: 107, retokenized_output_len: 6
output_len: 446, retokenized_output_len: 6
output_len: 1042, retokenized_output_len: 0
output_len: 414, retokenized_output_len: 25
output_len: 14, retokenized_output_len: 34
output_len: 321, retokenized_output_len: 11
output_len: 302, retokenized_output_len: 38
output_len: 636, retokenized_output_len: 8
output_len: 161, retokenized_output_len: 39
output_len: 122, retokenized_output_len: 38
output_len: 495, retokenized_output_len: 8
output_len: 169, retokenized_output_len: 32
output_len: 88, retokenized_output_len: 5
output_len: 16, retokenized_output_len: 30
output_len: 374, retokenized_output_len: 29
output_len: 19, retokenized_output_len: 0
output_len: 524, retokenized_output_len: 30
output_len: 167, retokenized_output_len: 26
output_len: 515, retokenized_output_len: 10
output_len: 14, retokenized_output_len: 17
output_len: 375, retokenized_output_len: 14
output_len: 49, retokenized_output_len: 26
output_len: 162, retokenized_output_len: 6
output_len: 231, retokenized_output_len: 24
output_len: 301, retokenized_output_len: 8
output_len: 8, retokenized_output_len: 36
output_len: 18, retokenized_output_len: 36
output_len: 227, retokenized_output_len: 20
output_len: 22, retokenized_output_len: 27
output_len: 343, retokenized_output_len: 19
output_len: 25, retokenized_output_len: 34
output_len: 400, retokenized_output_len: 20
output_len: 281, retokenized_output_len: 23
output_len: 14, retokenized_output_len: 30
output_len: 16, retokenized_output_len: 23
output_len: 264, retokenized_output_len: 18
output_len: 361, retokenized_output_len: 38
output_len: 72, retokenized_output_len: 14
output_len: 262, retokenized_output_len: 38
output_len: 358, retokenized_output_len: 17
output_len: 307, retokenized_output_len: 5
output_len: 343, retokenized_output_len: 5
output_len: 7, retokenized_output_len: 25
output_len: 21, retokenized_output_len: 25
output_len: 817, retokenized_output_len: 2
output_len: 320, retokenized_output_len: 34
output_len: 461, retokenized_output_len: 5
output_len: 302, retokenized_output_len: 5
output_len: 128, retokenized_output_len: 0
output_len: 109, retokenized_output_len: 27
output_len: 369, retokenized_output_len: 8
output_len: 107, retokenized_output_len: 5
output_len: 397, retokenized_output_len: 6
output_len: 10, retokenized_output_len: 8
output_len: 224, retokenized_output_len: 26
output_len: 236, retokenized_output_len: 6
output_len: 847, retokenized_output_len: 9
output_len: 22, retokenized_output_len: 19
output_len: 85, retokenized_output_len: 17
output_len: 279, retokenized_output_len: 11
output_len: 11, retokenized_output_len: 19
output_len: 11, retokenized_output_len: 18
output_len: 392, retokenized_output_len: 12
output_len: 436, retokenized_output_len: 14
output_len: 77, retokenized_output_len: 38
output_len: 344, retokenized_output_len: 12
output_len: 28, retokenized_output_len: 23
output_len: 228, retokenized_output_len: 11
output_len: 69, retokenized_output_len: 36
output_len: 588, retokenized_output_len: 0
output_len: 25, retokenized_output_len: 10
output_len: 944, retokenized_output_len: 38
output_len: 92, retokenized_output_len: 28
output_len: 249, retokenized_output_len: 23
output_len: 539, retokenized_output_len: 0
output_len: 139, retokenized_output_len: 34
output_len: 280, retokenized_output_len: 30
output_len: 89, retokenized_output_len: 14
output_len: 382, retokenized_output_len: 30
output_len: 96, retokenized_output_len: 30
output_len: 16, retokenized_output_len: 29
output_len: 8, retokenized_output_len: 30
output_len: 522, retokenized_output_len: 30
output_len: 38, retokenized_output_len: 14
output_len: 913, retokenized_output_len: 29
output_len: 158, retokenized_output_len: 30
output_len: 77, retokenized_output_len: 30
output_len: 305, retokenized_output_len: 29
output_len: 895, retokenized_output_len: 30
output_len: 103, retokenized_output_len: 30
output_len: 167, retokenized_output_len: 30
output_len: 109, retokenized_output_len: 30
output_len: 33, retokenized_output_len: 30
output_len: 710, retokenized_output_len: 30
output_len: 485, retokenized_output_len: 30
output_len: 107, retokenized_output_len: 30
output_len: 664, retokenized_output_len: 30
output_len: 17, retokenized_output_len: 5
output_len: 9, retokenized_output_len: 28
output_len: 8, retokenized_output_len: 11
output_len: 6, retokenized_output_len: 0
output_len: 285, retokenized_output_len: 30
output_len: 8, retokenized_output_len: 29
output_len: 12, retokenized_output_len: 5
output_len: 280, retokenized_output_len: 30
output_len: 132, retokenized_output_len: 28
output_len: 20, retokenized_output_len: 0
output_len: 226, retokenized_output_len: 5
output_len: 225, retokenized_output_len: 5
output_len: 48, retokenized_output_len: 4
output_len: 15, retokenized_output_len: 5
output_len: 222, retokenized_output_len: 5
output_len: 527, retokenized_output_len: 5
output_len: 30, retokenized_output_len: 0
output_len: 249, retokenized_output_len: 4
output_len: 301, retokenized_output_len: 5
output_len: 14, retokenized_output_len: 4
output_len: 91, retokenized_output_len: 5
output_len: 701, retokenized_output_len: 5
output_len: 697, retokenized_output_len: 3
output_len: 791, retokenized_output_len: 5
output_len: 27, retokenized_output_len: 5
output_len: 9, retokenized_output_len: 0
output_len: 84, retokenized_output_len: 5
output_len: 524, retokenized_output_len: 5
output_len: 402, retokenized_output_len: 1
output_len: 766, retokenized_output_len: 5
output_len: 47, retokenized_output_len: 5
output_len: 282, retokenized_output_len: 0
output_len: 258, retokenized_output_len: 5
output_len: 13, retokenized_output_len: 5
output_len: 23, retokenized_output_len: 0
output_len: 7, retokenized_output_len: 0
output_len: 13, retokenized_output_len: 5
output_len: 20, retokenized_output_len: 5
output_len: 515, retokenized_output_len: 0
output_len: 234, retokenized_output_len: 5
output_len: 11, retokenized_output_len: 0
output_len: 41, retokenized_output_len: 4
output_len: 26, retokenized_output_len: 0
output_len: 318, retokenized_output_len: 5
output_len: 148, retokenized_output_len: 0
output_len: 26, retokenized_output_len: 0
output_len: 15, retokenized_output_len: 5
output_len: 342, retokenized_output_len: 5
output_len: 215, retokenized_output_len: 2
output_len: 18, retokenized_output_len: 0
output_len: 13, retokenized_output_len: 5
output_len: 275, retokenized_output_len: 2
output_len: 31, retokenized_output_len: 0
output_len: 230, retokenized_output_len: 5
output_len: 61, retokenized_output_len: 1
output_len: 6, retokenized_output_len: 5
output_len: 28, retokenized_output_len: 5
output_len: 20, retokenized_output_len: 5
output_len: 280, retokenized_output_len: 4
output_len: 43, retokenized_output_len: 5
output_len: 8, retokenized_output_len: 5
output_len: 141, retokenized_output_len: 4
output_len: 87, retokenized_output_len: 5
output_len: 361, retokenized_output_len: 2
output_len: 10, retokenized_output_len: 0
output_len: 295, retokenized_output_len: 5
output_len: 22, retokenized_output_len: 0
output_len: 221, retokenized_output_len: 3
output_len: 873, retokenized_output_len: 2
output_len: 451, retokenized_output_len: 5
output_len: 319, retokenized_output_len: 2
output_len: 5, retokenized_output_len: 5
output_len: 26, retokenized_output_len: 4
output_len: 192, retokenized_output_len: 0
output_len: 20, retokenized_output_len: 0
output_len: 970, retokenized_output_len: 5
output_len: 973, retokenized_output_len: 0
output_len: 93, retokenized_output_len: 3
output_len: 21, retokenized_output_len: 5
output_len: 195, retokenized_output_len: 3
output_len: 18, retokenized_output_len: 5
output_len: 11, retokenized_output_len: 0
output_len: 120, retokenized_output_len: 2
output_len: 68, retokenized_output_len: 5
output_len: 259, retokenized_output_len: 5
output_len: 998, retokenized_output_len: 2
output_len: 20, retokenized_output_len: 4
output_len: 128, retokenized_output_len: 5
output_len: 351, retokenized_output_len: 5
output_len: 281, retokenized_output_len: 5
output_len: 971, retokenized_output_len: 5
output_len: 16, retokenized_output_len: 5
output_len: 123, retokenized_output_len: 5
output_len: 268, retokenized_output_len: 5
output_len: 37, retokenized_output_len: 5
output_len: 429, retokenized_output_len: 2
output_len: 190, retokenized_output_len: 2
output_len: 670, retokenized_output_len: 5
output_len: 11, retokenized_output_len: 5
output_len: 676, retokenized_output_len: 0
output_len: 23, retokenized_output_len: 5
output_len: 235, retokenized_output_len: 5
output_len: 47, retokenized_output_len: 5
output_len: 123, retokenized_output_len: 8
output_len: 660, retokenized_output_len: 5
output_len: 11, retokenized_output_len: 0
output_len: 12, retokenized_output_len: 0
output_len: 560, retokenized_output_len: 5
output_len: 58, retokenized_output_len: 5
output_len: 31, retokenized_output_len: 30
output_len: 17, retokenized_output_len: 0
output_len: 19, retokenized_output_len: 0
output_len: 8, retokenized_output_len: 0
output_len: 148, retokenized_output_len: 2
output_len: 73, retokenized_output_len: 5
output_len: 12, retokenized_output_len: 5
output_len: 15, retokenized_output_len: 30
output_len: 707, retokenized_output_len: 2
output_len: 311, retokenized_output_len: 5
output_len: 262, retokenized_output_len: 4
output_len: 22, retokenized_output_len: 30
output_len: 110, retokenized_output_len: 5
output_len: 763, retokenized_output_len: 5
output_len: 12, retokenized_output_len: 5
output_len: 12, retokenized_output_len: 5
output_len: 563, retokenized_output_len: 5
output_len: 48, retokenized_output_len: 5
output_len: 109, retokenized_output_len: 5
output_len: 98, retokenized_output_len: 5
output_len: 324, retokenized_output_len: 4
output_len: 28, retokenized_output_len: 0
output_len: 8, retokenized_output_len: 4
output_len: 531, retokenized_output_len: 2
output_len: 560, retokenized_output_len: 5
output_len: 58, retokenized_output_len: 5
output_len: 217, retokenized_output_len: 2
output_len: 27, retokenized_output_len: 29
output_len: 88, retokenized_output_len: 5
output_len: 199, retokenized_output_len: 5
output_len: 238, retokenized_output_len: 5
output_len: 257, retokenized_output_len: 5
output_len: 19, retokenized_output_len: 0
output_len: 286, retokenized_output_len: 5
output_len: 285, retokenized_output_len: 5
output_len: 49, retokenized_output_len: 0
output_len: 228, retokenized_output_len: 30
output_len: 120, retokenized_output_len: 5
output_len: 581, retokenized_output_len: 4
output_len: 300, retokenized_output_len: 18
output_len: 9, retokenized_output_len: 0
output_len: 400, retokenized_output_len: 0
output_len: 307, retokenized_output_len: 29
output_len: 64, retokenized_output_len: 5
output_len: 10, retokenized_output_len: 29
output_len: 421, retokenized_output_len: 29
output_len: 10, retokenized_output_len: 29
output_len: 24, retokenized_output_len: 4
output_len: 771, retokenized_output_len: 30
output_len: 658, retokenized_output_len: 2
output_len: 799, retokenized_output_len: 5
output_len: 324, retokenized_output_len: 5
output_len: 264, retokenized_output_len: 4
output_len: 308, retokenized_output_len: 4
output_len: 145, retokenized_output_len: 5
output_len: 383, retokenized_output_len: 5
output_len: 18, retokenized_output_len: 5
output_len: 563, retokenized_output_len: 5
output_len: 9, retokenized_output_len: 5
output_len: 209, retokenized_output_len: 5
output_len: 348, retokenized_output_len: 30
output_len: 718, retokenized_output_len: 5
output_len: 63, retokenized_output_len: 4
output_len: 320, retokenized_output_len: 5
output_len: 294, retokenized_output_len: 5
output_len: 36, retokenized_output_len: 5
output_len: 16, retokenized_output_len: 4
output_len: 20, retokenized_output_len: 5
output_len: 77, retokenized_output_len: 4
output_len: 259, retokenized_output_len: 5
output_len: 119, retokenized_output_len: 30
output_len: 18, retokenized_output_len: 5
output_len: 15, retokenized_output_len: 4
output_len: 287, retokenized_output_len: 5
output_len: 116, retokenized_output_len: 2
output_len: 11, retokenized_output_len: 5
output_len: 18, retokenized_output_len: 5
output_len: 27, retokenized_output_len: 5
output_len: 4, retokenized_output_len: 30
output_len: 72, retokenized_output_len: 4
output_len: 179, retokenized_output_len: 30
output_len: 983, retokenized_output_len: 2
output_len: 337, retokenized_output_len: 2
output_len: 28, retokenized_output_len: 22
output_len: 13, retokenized_output_len: 2
output_len: 4, retokenized_output_len: 28
output_len: 193, retokenized_output_len: 30
output_len: 224, retokenized_output_len: 29
output_len: 344, retokenized_output_len: 30
output_len: 446, retokenized_output_len: 30
output_len: 37, retokenized_output_len: 5
output_len: 336, retokenized_output_len: 4
output_len: 6, retokenized_output_len: 5
output_len: 12, retokenized_output_len: 0
output_len: 401, retokenized_output_len: 0
output_len: 21, retokenized_output_len: 0
output_len: 45, retokenized_output_len: 0
output_len: 566, retokenized_output_len: 5
output_len: 161, retokenized_output_len: 5
output_len: 149, retokenized_output_len: 5
output_len: 751, retokenized_output_len: 0
output_len: 131, retokenized_output_len: 4
output_len: 94, retokenized_output_len: 5
output_len: 687, retokenized_output_len: 5
output_len: 23, retokenized_output_len: 0
output_len: 10, retokenized_output_len: 4
output_len: 276, retokenized_output_len: 5
output_len: 9, retokenized_output_len: 11
output_len: 289, retokenized_output_len: 24
output_len: 17, retokenized_output_len: 5
output_len: 262, retokenized_output_len: 4
output_len: 23, retokenized_output_len: 0
output_len: 17, retokenized_output_len: 4
output_len: 13, retokenized_output_len: 0
output_len: 53, retokenized_output_len: 0
output_len: 13, retokenized_output_len: 30
output_len: 10, retokenized_output_len: 30
output_len: 59, retokenized_output_len: 5
output_len: 108, retokenized_output_len: 5
output_len: 16, retokenized_output_len: 30
output_len: 6, retokenized_output_len: 0
output_len: 251, retokenized_output_len: 30
output_len: 6, retokenized_output_len: 30
output_len: 160, retokenized_output_len: 30
output_len: 6, retokenized_output_len: 30
output_len: 362, retokenized_output_len: 28
output_len: 25, retokenized_output_len: 5
output_len: 12, retokenized_output_len: 4
output_len: 241, retokenized_output_len: 0
output_len: 19, retokenized_output_len: 0
output_len: 151, retokenized_output_len: 2
output_len: 19, retokenized_output_len: 0
output_len: 200, retokenized_output_len: 5
output_len: 408, retokenized_output_len: 2
output_len: 306, retokenized_output_len: 2
output_len: 771, retokenized_output_len: 5
output_len: 37, retokenized_output_len: 5
output_len: 72, retokenized_output_len: 0
output_len: 334, retokenized_output_len: 30
output_len: 32, retokenized_output_len: 2
output_len: 7, retokenized_output_len: 5
output_len: 159, retokenized_output_len: 3
output_len: 186, retokenized_output_len: 4
output_len: 306, retokenized_output_len: 2
output_len: 344, retokenized_output_len: 30
output_len: 245, retokenized_output_len: 30
output_len: 251, retokenized_output_len: 5
output_len: 71, retokenized_output_len: 0
output_len: 172, retokenized_output_len: 30
output_len: 44, retokenized_output_len: 5
output_len: 20, retokenized_output_len: 22
output_len: 545, retokenized_output_len: 30
output_len: 236, retokenized_output_len: 30
output_len: 872, retokenized_output_len: 29
output_len: 101, retokenized_output_len: 30
output_len: 72, retokenized_output_len: 5
output_len: 8, retokenized_output_len: 4
output_len: 73, retokenized_output_len: 0
output_len: 150, retokenized_output_len: 4
output_len: 162, retokenized_output_len: 5
output_len: 356, retokenized_output_len: 4
output_len: 85, retokenized_output_len: 5
output_len: 133, retokenized_output_len: 5
output_len: 96, retokenized_output_len: 5
output_len: 928, retokenized_output_len: 29
output_len: 47, retokenized_output_len: 5
output_len: 59, retokenized_output_len: 5
output_len: 66, retokenized_output_len: 5
output_len: 67, retokenized_output_len: 29
output_len: 361, retokenized_output_len: 30
output_len: 19, retokenized_output_len: 29
output_len: 42, retokenized_output_len: 5
output_len: 492, retokenized_output_len: 30
output_len: 936, retokenized_output_len: 30
output_len: 52, retokenized_output_len: 30
output_len: 163, retokenized_output_len: 28
output_len: 468, retokenized_output_len: 2
output_len: 883, retokenized_output_len: 5
output_len: 7, retokenized_output_len: 5
output_len: 11, retokenized_output_len: 5
output_len: 325, retokenized_output_len: 4
output_len: 7, retokenized_output_len: 30
output_len: 6, retokenized_output_len: 5
output_len: 45, retokenized_output_len: 5
output_len: 27, retokenized_output_len: 5
output_len: 9, retokenized_output_len: 11
output_len: 22, retokenized_output_len: 30
output_len: 236, retokenized_output_len: 28
output_len: 8, retokenized_output_len: 5
output_len: 96, retokenized_output_len: 30
output_len: 6, retokenized_output_len: 30
output_len: 19, retokenized_output_len: 30
output_len: 553, retokenized_output_len: 30
output_len: 227, retokenized_output_len: 3
output_len: 54, retokenized_output_len: 5
output_len: 689, retokenized_output_len: 5
output_len: 542, retokenized_output_len: 2
output_len: 315, retokenized_output_len: 30
output_len: 26, retokenized_output_len: 4
output_len: 434, retokenized_output_len: 5
output_len: 453, retokenized_output_len: 25
output_len: 33, retokenized_output_len: 27
output_len: 105, retokenized_output_len: 27
output_len: 126, retokenized_output_len: 5
output_len: 173, retokenized_output_len: 30
output_len: 115, retokenized_output_len: 25
output_len: 69, retokenized_output_len: 16
output_len: 9, retokenized_output_len: 31
output_len: 49, retokenized_output_len: 30
output_len: 340, retokenized_output_len: 29
output_len: 63, retokenized_output_len: 30
output_len: 221, retokenized_output_len: 30
output_len: 86, retokenized_output_len: 5
output_len: 148, retokenized_output_len: 16
output_len: 17, retokenized_output_len: 0
output_len: 56, retokenized_output_len: 0
output_len: 7, retokenized_output_len: 0
output_len: 41, retokenized_output_len: 5
output_len: 76, retokenized_output_len: 0
output_len: 235, retokenized_output_len: 29
output_len: 338, retokenized_output_len: 30
output_len: 140, retokenized_output_len: 5
output_len: 634, retokenized_output_len: 25
output_len: 298, retokenized_output_len: 4
output_len: 175, retokenized_output_len: 4
output_len: 137, retokenized_output_len: 13
output_len: 309, retokenized_output_len: 3
output_len: 957, retokenized_output_len: 1
output_len: 120, retokenized_output_len: 0
output_len: 60, retokenized_output_len: 0
output_len: 548, retokenized_output_len: 5
output_len: 429, retokenized_output_len: 5
output_len: 49, retokenized_output_len: 36
output_len: 79, retokenized_output_len: 2
output_len: 755, retokenized_output_len: 14
output_len: 379, retokenized_output_len: 13
output_len: 697, retokenized_output_len: 13
output_len: 369, retokenized_output_len: 3
output_len: 8, retokenized_output_len: 5
output_len: 32, retokenized_output_len: 0
output_len: 238, retokenized_output_len: 4
output_len: 241, retokenized_output_len: 4
output_len: 433, retokenized_output_len: 0
output_len: 879, retokenized_output_len: 5
output_len: 843, retokenized_output_len: 5
output_len: 16, retokenized_output_len: 0
output_len: 134, retokenized_output_len: 0
output_len: 195, retokenized_output_len: 30
output_len: 7, retokenized_output_len: 26
output_len: 51, retokenized_output_len: 0
output_len: 335, retokenized_output_len: 4
output_len: 77, retokenized_output_len: 13
output_len: 752, retokenized_output_len: 0
output_len: 38, retokenized_output_len: 3
output_len: 574, retokenized_output_len: 5
output_len: 60, retokenized_output_len: 0
output_len: 33, retokenized_output_len: 0
output_len: 1074, retokenized_output_len: 25
output_len: 259, retokenized_output_len: 4
output_len: 262, retokenized_output_len: 0
output_len: 328, retokenized_output_len: 0
output_len: 560, retokenized_output_len: 27
output_len: 822, retokenized_output_len: 14
output_len: 475, retokenized_output_len: 0
output_len: 137, retokenized_output_len: 25
output_len: 703, retokenized_output_len: 9
output_len: 637, retokenized_output_len: 0
output_len: 40, retokenized_output_len: 38
output_len: 953, retokenized_output_len: 11
output_len: 353, retokenized_output_len: 8
output_len: 7, retokenized_output_len: 39
output_len: 307, retokenized_output_len: 8
output_len: 16, retokenized_output_len: 0
output_len: 198, retokenized_output_len: 19
output_len: 142, retokenized_output_len: 2
output_len: 470, retokenized_output_len: 20
output_len: 265, retokenized_output_len: 0
output_len: 151, retokenized_output_len: 16
output_len: 251, retokenized_output_len: 12
output_len: 70, retokenized_output_len: 0
output_len: 243, retokenized_output_len: 14
output_len: 282, retokenized_output_len: 10
output_len: 33, retokenized_output_len: 2
output_len: 120, retokenized_output_len: 8
output_len: 276, retokenized_output_len: 5
output_len: 216, retokenized_output_len: 2
output_len: 152, retokenized_output_len: 4
output_len: 16, retokenized_output_len: 6
output_len: 426, retokenized_output_len: 4
output_len: 436, retokenized_output_len: 5
output_len: 343, retokenized_output_len: 0
output_len: 11, retokenized_output_len: 2
output_len: 600, retokenized_output_len: 0
output_len: 53, retokenized_output_len: 14
output_len: 136, retokenized_output_len: 6
output_len: 13, retokenized_output_len: 2
output_len: 388, retokenized_output_len: 4
output_len: 18, retokenized_output_len: 6
output_len: 35, retokenized_output_len: 4
output_len: 545, retokenized_output_len: 2
output_len: 219, retokenized_output_len: 5
output_len: 113, retokenized_output_len: 8
output_len: 689, retokenized_output_len: 23
output_len: 272, retokenized_output_len: 27
output_len: 26, retokenized_output_len: 0
output_len: 216, retokenized_output_len: 27
output_len: 56, retokenized_output_len: 0
output_len: 261, retokenized_output_len: 24
output_len: 274, retokenized_output_len: 5
output_len: 340, retokenized_output_len: 16
output_len: 40, retokenized_output_len: 13
output_len: 307, retokenized_output_len: 0
output_len: 38, retokenized_output_len: 5
output_len: 13, retokenized_output_len: 5
output_len: 393, retokenized_output_len: 6
output_len: 456, retokenized_output_len: 9
output_len: 765, retokenized_output_len: 4
output_len: 270, retokenized_output_len: 9
output_len: 92, retokenized_output_len: 8
output_len: 136, retokenized_output_len: 12
output_len: 340, retokenized_output_len: 10
output_len: 546, retokenized_output_len: 0
output_len: 187, retokenized_output_len: 8
output_len: 192, retokenized_output_len: 8
output_len: 281, retokenized_output_len: 8
output_len: 318, retokenized_output_len: 6
output_len: 339, retokenized_output_len: 5
output_len: 296, retokenized_output_len: 9
output_len: 119, retokenized_output_len: 7
output_len: 426, retokenized_output_len: 0
output_len: 39, retokenized_output_len: 0
output_len: 172, retokenized_output_len: 8
output_len: 261, retokenized_output_len: 8
output_len: 192, retokenized_output_len: 11
output_len: 101, retokenized_output_len: 8
output_len: 22, retokenized_output_len: 5
output_len: 8, retokenized_output_len: 0
output_len: 550, retokenized_output_len: 7
output_len: 273, retokenized_output_len: 0
output_len: 110, retokenized_output_len: 5
output_len: 81, retokenized_output_len: 8
output_len: 611, retokenized_output_len: 5
output_len: 5, retokenized_output_len: 0
output_len: 414, retokenized_output_len: 11
output_len: 34, retokenized_output_len: 3
output_len: 554, retokenized_output_len: 5
output_len: 176, retokenized_output_len: 5
output_len: 488, retokenized_output_len: 5
output_len: 346, retokenized_output_len: 14
output_len: 62, retokenized_output_len: 8
output_len: 222, retokenized_output_len: 4
output_len: 496, retokenized_output_len: 8
output_len: 286, retokenized_output_len: 5
output_len: 322, retokenized_output_len: 14
output_len: 25, retokenized_output_len: 6
output_len: 101, retokenized_output_len: 10
output_len: 617, retokenized_output_len: 0
output_len: 139, retokenized_output_len: 6
output_len: 967, retokenized_output_len: 0
output_len: 436, retokenized_output_len: 4
output_len: 744, retokenized_output_len: 8
output_len: 216, retokenized_output_len: 1
output_len: 208, retokenized_output_len: 6
output_len: 240, retokenized_output_len: 8
output_len: 614, retokenized_output_len: 0
output_len: 435, retokenized_output_len: 9
output_len: 610, retokenized_output_len: 8
output_len: 63, retokenized_output_len: 8
output_len: 90, retokenized_output_len: 11
output_len: 306, retokenized_output_len: 4
output_len: 370, retokenized_output_len: 8
output_len: 344, retokenized_output_len: 10
output_len: 357, retokenized_output_len: 4
output_len: 150, retokenized_output_len: 6
output_len: 170, retokenized_output_len: 2
output_len: 103, retokenized_output_len: 3
output_len: 272, retokenized_output_len: 11
output_len: 314, retokenized_output_len: 4
output_len: 159, retokenized_output_len: 8
output_len: 27, retokenized_output_len: 0
output_len: 295, retokenized_output_len: 8
output_len: 656, retokenized_output_len: 1
output_len: 1850, retokenized_output_len: 7
output_len: 503, retokenized_output_len: 4
output_len: 260, retokenized_output_len: 6
output_len: 6, retokenized_output_len: 4
output_len: 447, retokenized_output_len: 6
output_len: 277, retokenized_output_len: 4
output_len: 13, retokenized_output_len: 0
output_len: 375, retokenized_output_len: 10
output_len: 368, retokenized_output_len: 5
output_len: 337, retokenized_output_len: 4
output_len: 569, retokenized_output_len: 4
output_len: 188, retokenized_output_len: 6
output_len: 249, retokenized_output_len: 4
output_len: 65, retokenized_output_len: 10
output_len: 491, retokenized_output_len: 9
output_len: 622, retokenized_output_len: 0
output_len: 23, retokenized_output_len: 11
output_len: 49, retokenized_output_len: 12
output_len: 20, retokenized_output_len: 4
output_len: 858, retokenized_output_len: 6
output_len: 550, retokenized_output_len: 8
output_len: 94, retokenized_output_len: 7
output_len: 427, retokenized_output_len: 11
output_len: 261, retokenized_output_len: 6
output_len: 15, retokenized_output_len: 3
output_len: 32, retokenized_output_len: 10
output_len: 385, retokenized_output_len: 7
output_len: 440, retokenized_output_len: 8
output_len: 203, retokenized_output_len: 6
output_len: 32, retokenized_output_len: 8
output_len: 96, retokenized_output_len: 11
output_len: 113, retokenized_output_len: 8
output_len: 13, retokenized_output_len: 0
output_len: 151, retokenized_output_len: 11
output_len: 44, retokenized_output_len: 7
output_len: 157, retokenized_output_len: 8
output_len: 334, retokenized_output_len: 11
output_len: 43, retokenized_output_len: 0
output_len: 286, retokenized_output_len: 8
output_len: 5, retokenized_output_len: 0
output_len: 146, retokenized_output_len: 11
output_len: 214, retokenized_output_len: 1
output_len: 298, retokenized_output_len: 8
output_len: 86, retokenized_output_len: 0
output_len: 19, retokenized_output_len: 7
output_len: 99, retokenized_output_len: 17
output_len: 65, retokenized_output_len: 8
output_len: 214, retokenized_output_len: 8
output_len: 412, retokenized_output_len: 8
output_len: 310, retokenized_output_len: 8
output_len: 272, retokenized_output_len: 6
output_len: 500, retokenized_output_len: 9
output_len: 328, retokenized_output_len: 6
output_len: 622, retokenized_output_len: 8
output_len: 447, retokenized_output_len: 6
output_len: 201, retokenized_output_len: 12
output_len: 302, retokenized_output_len: 6
output_len: 259, retokenized_output_len: 8
output_len: 47, retokenized_output_len: 4
output_len: 329, retokenized_output_len: 5
output_len: 189, retokenized_output_len: 6
output_len: 13, retokenized_output_len: 3
output_len: 449, retokenized_output_len: 0
output_len: 331, retokenized_output_len: 5
output_len: 218, retokenized_output_len: 8
output_len: 500, retokenized_output_len: 5
output_len: 263, retokenized_output_len: 8
output_len: 10, retokenized_output_len: 0
output_len: 88, retokenized_output_len: 8
output_len: 578, retokenized_output_len: 6
output_len: 209, retokenized_output_len: 0
output_len: 340, retokenized_output_len: 4
output_len: 327, retokenized_output_len: 7
output_len: 177, retokenized_output_len: 6
output_len: 352, retokenized_output_len: 9
output_len: 257, retokenized_output_len: 5
output_len: 503, retokenized_output_len: 4
output_len: 22, retokenized_output_len: 6
output_len: 317, retokenized_output_len: 7
output_len: 167, retokenized_output_len: 4
output_len: 483, retokenized_output_len: 9
output_len: 524, retokenized_output_len: 3
output_len: 267, retokenized_output_len: 4
output_len: 155, retokenized_output_len: 3
output_len: 713, retokenized_output_len: 0
output_len: 43, retokenized_output_len: 5
output_len: 271, retokenized_output_len: 4
output_len: 858, retokenized_output_len: 4
output_len: 347, retokenized_output_len: 2
output_len: 20, retokenized_output_len: 4
output_len: 237, retokenized_output_len: 2
output_len: 102, retokenized_output_len: 5
output_len: 475, retokenized_output_len: 2
============================================================
Successful requests:                     2676      
Benchmark duration (s):                  100.21    
Request rate (rps):                      50.00     
Total input tokens:                      523956    
Total generated tokens:                  645954    
Total generated tokens (retokenized):    42191     
Request throughput (req/s):              26.70     
Input token throughput (tok/s):          5228.38   
Output token throughput (tok/s):         6445.76   
----------------End-to-End Latency----------------
Mean E2E Latency (ms):                   4354.03   
Median E2E Latency (ms):                 75.21     
---------------Time to First Token----------------
Mean TTFT (ms):                          0.00      
Median TTFT (ms):                        0.00      
P99 TTFT (ms):                           0.00      
TTFT SLO (700.000000):                   1.00      
-----Time per Output Token (excl. 1st token)------
Mean TPOT (ms):                          112.56    
Median TPOT (ms):                        4.00      
P99 TPOT (ms):                           1761.18   
TPOT SLO (100.000000):                   0.83      
---------------Inter-token Latency----------------
Mean ITL (ms):                           0.00      
Median ITL (ms):                         0.00      
P99 ITL (ms):                            0.00      
==================================================

Running benchmark with request rate: 25.0

WARNING It is recommended to use the `Chat` or `Instruct` model for benchmarking.
Because when the tokenizer counts the output tokens, if there is gibberish, it might count incorrectly.

Namespace(backend='vllm', base_url=None, host='0.0.0.0', port=8010, dataset_name='sharegpt', dataset_path='', model='mistralai/Mistral-7B-v0.1', tokenizer=None, num_prompts=30000, request_rate=25.0, seed=1, multi=False, output_file=None, disable_tqdm=False, disable_stream=False, disable_ignore_eos=False, extra_request_body=None, window=100.0, config_file='configs/1_tier_config.yaml', request_rates='50,25,50')

True
Tokenizer: LlamaTokenizerFast(name_or_path='mistralai/Mistral-7B-v0.1', vocab_size=32000, model_max_length=1000000000000000019884624838656, is_fast=True, padding_side='left', truncation_side='right', special_tokens={'bos_token': '<s>', 'eos_token': '</s>', 'unk_token': '<unk>'}, clean_up_tokenization_spaces=False, added_tokens_decoder={
	0: AddedToken("<unk>", rstrip=False, lstrip=False, single_word=False, normalized=False, special=True),
	1: AddedToken("<s>", rstrip=False, lstrip=False, single_word=False, normalized=False, special=True),
	2: AddedToken("</s>", rstrip=False, lstrip=False, single_word=False, normalized=False, special=True),
}
)
Tokenizer_id: mistralai/Mistral-7B-v0.1
Starting initial single prompt test run...

Test prompt: Write a 1940s country song about the hardships of being a programmer

test output: chchandchandise.

## 1.chandise.

## 1. The 1990

Initial test run completed. Starting main benchmark run...

============ Serving Benchmark Result ============
Backend:                                 vllm      
Benchmarking Window:                     100.0     
output_len: 293, retokenized_output_len: 29
output_len: 306, retokenized_output_len: 27
output_len: 32, retokenized_output_len: 27
output_len: 253, retokenized_output_len: 27
output_len: 413, retokenized_output_len: 27
output_len: 591, retokenized_output_len: 25
output_len: 10, retokenized_output_len: 13
output_len: 386, retokenized_output_len: 23
output_len: 419, retokenized_output_len: 22
output_len: 486, retokenized_output_len: 26
output_len: 19, retokenized_output_len: 27
output_len: 28, retokenized_output_len: 27
output_len: 547, retokenized_output_len: 27
output_len: 35, retokenized_output_len: 27
output_len: 953, retokenized_output_len: 27
output_len: 6, retokenized_output_len: 27
output_len: 75, retokenized_output_len: 25
output_len: 331, retokenized_output_len: 27
output_len: 135, retokenized_output_len: 26
output_len: 469, retokenized_output_len: 25
output_len: 890, retokenized_output_len: 27
output_len: 462, retokenized_output_len: 26
output_len: 16, retokenized_output_len: 27
output_len: 605, retokenized_output_len: 27
output_len: 20, retokenized_output_len: 27
output_len: 526, retokenized_output_len: 27
output_len: 20, retokenized_output_len: 14
output_len: 129, retokenized_output_len: 17
output_len: 888, retokenized_output_len: 25
output_len: 129, retokenized_output_len: 27
output_len: 16, retokenized_output_len: 25
output_len: 5, retokenized_output_len: 27
output_len: 205, retokenized_output_len: 25
output_len: 300, retokenized_output_len: 27
output_len: 204, retokenized_output_len: 26
output_len: 279, retokenized_output_len: 25
output_len: 22, retokenized_output_len: 27
output_len: 107, retokenized_output_len: 27
output_len: 28, retokenized_output_len: 26
output_len: 27, retokenized_output_len: 27
output_len: 272, retokenized_output_len: 27
output_len: 10, retokenized_output_len: 27
output_len: 10, retokenized_output_len: 27
output_len: 40, retokenized_output_len: 12
output_len: 31, retokenized_output_len: 27
output_len: 13, retokenized_output_len: 12
output_len: 264, retokenized_output_len: 27
output_len: 5, retokenized_output_len: 27
output_len: 31, retokenized_output_len: 27
output_len: 15, retokenized_output_len: 24
output_len: 111, retokenized_output_len: 26
output_len: 223, retokenized_output_len: 27
output_len: 80, retokenized_output_len: 26
output_len: 153, retokenized_output_len: 27
output_len: 17, retokenized_output_len: 27
output_len: 295, retokenized_output_len: 26
output_len: 362, retokenized_output_len: 25
output_len: 27, retokenized_output_len: 27
output_len: 199, retokenized_output_len: 9
output_len: 199, retokenized_output_len: 15
output_len: 16, retokenized_output_len: 23
output_len: 198, retokenized_output_len: 26
output_len: 7, retokenized_output_len: 27
output_len: 247, retokenized_output_len: 27
output_len: 21, retokenized_output_len: 27
output_len: 24, retokenized_output_len: 27
output_len: 349, retokenized_output_len: 25
output_len: 794, retokenized_output_len: 27
output_len: 12, retokenized_output_len: 26
output_len: 731, retokenized_output_len: 27
output_len: 508, retokenized_output_len: 27
output_len: 39, retokenized_output_len: 7
output_len: 5, retokenized_output_len: 27
output_len: 430, retokenized_output_len: 26
output_len: 6, retokenized_output_len: 15
output_len: 21, retokenized_output_len: 10
output_len: 15, retokenized_output_len: 27
output_len: 11, retokenized_output_len: 7
output_len: 11, retokenized_output_len: 26
output_len: 13, retokenized_output_len: 27
output_len: 195, retokenized_output_len: 27
output_len: 9, retokenized_output_len: 22
output_len: 280, retokenized_output_len: 25
output_len: 310, retokenized_output_len: 27
output_len: 970, retokenized_output_len: 20
output_len: 934, retokenized_output_len: 25
output_len: 660, retokenized_output_len: 27
output_len: 88, retokenized_output_len: 27
output_len: 232, retokenized_output_len: 25
output_len: 205, retokenized_output_len: 25
output_len: 756, retokenized_output_len: 26
output_len: 46, retokenized_output_len: 27
output_len: 260, retokenized_output_len: 27
output_len: 18, retokenized_output_len: 9
output_len: 67, retokenized_output_len: 26
output_len: 299, retokenized_output_len: 27
output_len: 268, retokenized_output_len: 27
output_len: 117, retokenized_output_len: 27
output_len: 407, retokenized_output_len: 18
output_len: 343, retokenized_output_len: 25
output_len: 23, retokenized_output_len: 20
output_len: 18, retokenized_output_len: 7
output_len: 453, retokenized_output_len: 26
output_len: 70, retokenized_output_len: 19
output_len: 451, retokenized_output_len: 19
output_len: 307, retokenized_output_len: 26
output_len: 286, retokenized_output_len: 27
output_len: 18, retokenized_output_len: 27
output_len: 47, retokenized_output_len: 27
output_len: 25, retokenized_output_len: 27
output_len: 29, retokenized_output_len: 27
output_len: 28, retokenized_output_len: 26
output_len: 467, retokenized_output_len: 27
output_len: 109, retokenized_output_len: 25
output_len: 15, retokenized_output_len: 25
output_len: 6, retokenized_output_len: 27
output_len: 58, retokenized_output_len: 11
output_len: 32, retokenized_output_len: 27
output_len: 137, retokenized_output_len: 27
output_len: 232, retokenized_output_len: 27
output_len: 429, retokenized_output_len: 25
output_len: 996, retokenized_output_len: 25
output_len: 308, retokenized_output_len: 25
output_len: 346, retokenized_output_len: 32
output_len: 142, retokenized_output_len: 27
output_len: 282, retokenized_output_len: 26
output_len: 198, retokenized_output_len: 25
output_len: 16, retokenized_output_len: 18
output_len: 415, retokenized_output_len: 26
output_len: 282, retokenized_output_len: 25
output_len: 243, retokenized_output_len: 27
output_len: 245, retokenized_output_len: 27
output_len: 14, retokenized_output_len: 8
output_len: 107, retokenized_output_len: 26
output_len: 23, retokenized_output_len: 12
output_len: 665, retokenized_output_len: 27
output_len: 15, retokenized_output_len: 27
output_len: 16, retokenized_output_len: 26
output_len: 786, retokenized_output_len: 27
output_len: 17, retokenized_output_len: 15
output_len: 620, retokenized_output_len: 25
output_len: 589, retokenized_output_len: 0
output_len: 218, retokenized_output_len: 27
output_len: 540, retokenized_output_len: 26
output_len: 244, retokenized_output_len: 27
output_len: 6, retokenized_output_len: 4
output_len: 25, retokenized_output_len: 15
output_len: 106, retokenized_output_len: 26
output_len: 6, retokenized_output_len: 27
output_len: 88, retokenized_output_len: 4
output_len: 18, retokenized_output_len: 15
output_len: 192, retokenized_output_len: 26
output_len: 830, retokenized_output_len: 4
output_len: 124, retokenized_output_len: 27
output_len: 529, retokenized_output_len: 1
output_len: 109, retokenized_output_len: 27
output_len: 330, retokenized_output_len: 4
output_len: 396, retokenized_output_len: 27
output_len: 149, retokenized_output_len: 1
output_len: 34, retokenized_output_len: 0
output_len: 21, retokenized_output_len: 4
output_len: 11, retokenized_output_len: 27
output_len: 423, retokenized_output_len: 1
output_len: 15, retokenized_output_len: 4
output_len: 344, retokenized_output_len: 27
output_len: 224, retokenized_output_len: 0
output_len: 369, retokenized_output_len: 4
output_len: 48, retokenized_output_len: 0
output_len: 882, retokenized_output_len: 33
output_len: 44, retokenized_output_len: 4
output_len: 316, retokenized_output_len: 26
output_len: 269, retokenized_output_len: 3
output_len: 26, retokenized_output_len: 4
output_len: 53, retokenized_output_len: 3
output_len: 652, retokenized_output_len: 27
output_len: 370, retokenized_output_len: 1
output_len: 48, retokenized_output_len: 0
output_len: 141, retokenized_output_len: 4
output_len: 293, retokenized_output_len: 4
output_len: 15, retokenized_output_len: 27
output_len: 147, retokenized_output_len: 1
output_len: 71, retokenized_output_len: 4
output_len: 589, retokenized_output_len: 2
output_len: 558, retokenized_output_len: 4
output_len: 340, retokenized_output_len: 4
output_len: 11, retokenized_output_len: 0
output_len: 400, retokenized_output_len: 9
output_len: 22, retokenized_output_len: 3
output_len: 12, retokenized_output_len: 4
output_len: 888, retokenized_output_len: 4
output_len: 38, retokenized_output_len: 4
output_len: 38, retokenized_output_len: 3
output_len: 25, retokenized_output_len: 26
output_len: 18, retokenized_output_len: 8
output_len: 42, retokenized_output_len: 27
output_len: 289, retokenized_output_len: 3
output_len: 28, retokenized_output_len: 4
output_len: 309, retokenized_output_len: 4
output_len: 32, retokenized_output_len: 0
output_len: 24, retokenized_output_len: 25
output_len: 422, retokenized_output_len: 27
output_len: 189, retokenized_output_len: 0
output_len: 56, retokenized_output_len: 4
output_len: 121, retokenized_output_len: 2
output_len: 160, retokenized_output_len: 27
output_len: 35, retokenized_output_len: 21
output_len: 380, retokenized_output_len: 27
output_len: 233, retokenized_output_len: 25
output_len: 399, retokenized_output_len: 27
output_len: 39, retokenized_output_len: 15
output_len: 55, retokenized_output_len: 4
output_len: 232, retokenized_output_len: 26
output_len: 590, retokenized_output_len: 25
output_len: 33, retokenized_output_len: 27
output_len: 504, retokenized_output_len: 18
output_len: 25, retokenized_output_len: 27
output_len: 24, retokenized_output_len: 27
output_len: 295, retokenized_output_len: 4
output_len: 176, retokenized_output_len: 27
output_len: 21, retokenized_output_len: 27
output_len: 22, retokenized_output_len: 26
output_len: 397, retokenized_output_len: 27
output_len: 587, retokenized_output_len: 27
output_len: 25, retokenized_output_len: 18
output_len: 313, retokenized_output_len: 27
output_len: 270, retokenized_output_len: 3
output_len: 205, retokenized_output_len: 27
output_len: 14, retokenized_output_len: 27
output_len: 397, retokenized_output_len: 27
output_len: 38, retokenized_output_len: 27
output_len: 492, retokenized_output_len: 27
output_len: 6, retokenized_output_len: 22
output_len: 96, retokenized_output_len: 26
output_len: 35, retokenized_output_len: 26
output_len: 176, retokenized_output_len: 27
output_len: 74, retokenized_output_len: 27
output_len: 31, retokenized_output_len: 26
output_len: 942, retokenized_output_len: 27
output_len: 35, retokenized_output_len: 24
output_len: 797, retokenized_output_len: 25
output_len: 32, retokenized_output_len: 27
output_len: 8, retokenized_output_len: 19
output_len: 4, retokenized_output_len: 27
output_len: 642, retokenized_output_len: 25
output_len: 19, retokenized_output_len: 26
output_len: 564, retokenized_output_len: 25
output_len: 126, retokenized_output_len: 26
output_len: 351, retokenized_output_len: 27
output_len: 18, retokenized_output_len: 16
output_len: 71, retokenized_output_len: 27
output_len: 394, retokenized_output_len: 27
output_len: 84, retokenized_output_len: 27
output_len: 21, retokenized_output_len: 25
output_len: 190, retokenized_output_len: 8
output_len: 530, retokenized_output_len: 27
output_len: 151, retokenized_output_len: 25
output_len: 109, retokenized_output_len: 27
output_len: 366, retokenized_output_len: 27
output_len: 25, retokenized_output_len: 26
output_len: 637, retokenized_output_len: 27
output_len: 50, retokenized_output_len: 26
output_len: 920, retokenized_output_len: 25
output_len: 7, retokenized_output_len: 26
output_len: 12, retokenized_output_len: 15
output_len: 160, retokenized_output_len: 27
output_len: 103, retokenized_output_len: 27
output_len: 14, retokenized_output_len: 27
output_len: 642, retokenized_output_len: 25
output_len: 387, retokenized_output_len: 27
output_len: 391, retokenized_output_len: 26
output_len: 15, retokenized_output_len: 27
output_len: 15, retokenized_output_len: 27
output_len: 69, retokenized_output_len: 27
output_len: 12, retokenized_output_len: 20
output_len: 6, retokenized_output_len: 18
output_len: 23, retokenized_output_len: 27
output_len: 391, retokenized_output_len: 27
output_len: 162, retokenized_output_len: 27
output_len: 106, retokenized_output_len: 27
output_len: 23, retokenized_output_len: 27
output_len: 427, retokenized_output_len: 25
output_len: 26, retokenized_output_len: 27
output_len: 159, retokenized_output_len: 26
output_len: 97, retokenized_output_len: 27
output_len: 4, retokenized_output_len: 20
output_len: 504, retokenized_output_len: 27
output_len: 17, retokenized_output_len: 26
output_len: 9, retokenized_output_len: 22
output_len: 6, retokenized_output_len: 15
output_len: 392, retokenized_output_len: 25
output_len: 21, retokenized_output_len: 26
output_len: 474, retokenized_output_len: 27
output_len: 487, retokenized_output_len: 27
output_len: 995, retokenized_output_len: 27
output_len: 11, retokenized_output_len: 27
output_len: 229, retokenized_output_len: 27
output_len: 201, retokenized_output_len: 27
output_len: 279, retokenized_output_len: 27
output_len: 91, retokenized_output_len: 16
output_len: 132, retokenized_output_len: 27
output_len: 5, retokenized_output_len: 18
output_len: 117, retokenized_output_len: 24
output_len: 5, retokenized_output_len: 23
output_len: 26, retokenized_output_len: 27
output_len: 31, retokenized_output_len: 27
output_len: 330, retokenized_output_len: 16
output_len: 335, retokenized_output_len: 25
output_len: 327, retokenized_output_len: 27
output_len: 36, retokenized_output_len: 22
output_len: 41, retokenized_output_len: 5
output_len: 436, retokenized_output_len: 27
output_len: 215, retokenized_output_len: 27
output_len: 353, retokenized_output_len: 27
output_len: 21, retokenized_output_len: 19
output_len: 18, retokenized_output_len: 18
output_len: 701, retokenized_output_len: 26
output_len: 5, retokenized_output_len: 15
output_len: 373, retokenized_output_len: 27
output_len: 51, retokenized_output_len: 15
output_len: 15, retokenized_output_len: 9
output_len: 357, retokenized_output_len: 25
output_len: 180, retokenized_output_len: 27
output_len: 52, retokenized_output_len: 27
output_len: 196, retokenized_output_len: 26
output_len: 17, retokenized_output_len: 22
output_len: 37, retokenized_output_len: 27
output_len: 21, retokenized_output_len: 27
output_len: 411, retokenized_output_len: 25
output_len: 250, retokenized_output_len: 24
output_len: 46, retokenized_output_len: 27
output_len: 26, retokenized_output_len: 26
output_len: 30, retokenized_output_len: 14
output_len: 7, retokenized_output_len: 26
output_len: 40, retokenized_output_len: 27
output_len: 19, retokenized_output_len: 8
output_len: 68, retokenized_output_len: 27
output_len: 572, retokenized_output_len: 25
output_len: 27, retokenized_output_len: 26
output_len: 9, retokenized_output_len: 24
output_len: 860, retokenized_output_len: 27
output_len: 13, retokenized_output_len: 26
output_len: 134, retokenized_output_len: 27
output_len: 295, retokenized_output_len: 27
output_len: 67, retokenized_output_len: 27
output_len: 437, retokenized_output_len: 36
output_len: 166, retokenized_output_len: 26
output_len: 212, retokenized_output_len: 36
output_len: 23, retokenized_output_len: 25
output_len: 169, retokenized_output_len: 24
output_len: 525, retokenized_output_len: 26
output_len: 36, retokenized_output_len: 29
output_len: 189, retokenized_output_len: 30
output_len: 273, retokenized_output_len: 27
output_len: 9, retokenized_output_len: 27
output_len: 214, retokenized_output_len: 0
output_len: 80, retokenized_output_len: 40
output_len: 134, retokenized_output_len: 33
output_len: 349, retokenized_output_len: 39
output_len: 8, retokenized_output_len: 9
output_len: 16, retokenized_output_len: 38
output_len: 51, retokenized_output_len: 38
output_len: 256, retokenized_output_len: 37
output_len: 149, retokenized_output_len: 33
output_len: 6, retokenized_output_len: 36
output_len: 49, retokenized_output_len: 34
output_len: 704, retokenized_output_len: 32
output_len: 441, retokenized_output_len: 30
output_len: 207, retokenized_output_len: 28
output_len: 9, retokenized_output_len: 27
output_len: 14, retokenized_output_len: 40
output_len: 187, retokenized_output_len: 35
output_len: 42, retokenized_output_len: 38
output_len: 38, retokenized_output_len: 34
output_len: 24, retokenized_output_len: 36
output_len: 8, retokenized_output_len: 34
output_len: 122, retokenized_output_len: 33
output_len: 310, retokenized_output_len: 31
output_len: 27, retokenized_output_len: 32
output_len: 35, retokenized_output_len: 30
output_len: 159, retokenized_output_len: 28
output_len: 16, retokenized_output_len: 30
output_len: 596, retokenized_output_len: 27
output_len: 106, retokenized_output_len: 42
output_len: 11, retokenized_output_len: 26
output_len: 528, retokenized_output_len: 25
output_len: 59, retokenized_output_len: 40
output_len: 16, retokenized_output_len: 35
output_len: 26, retokenized_output_len: 34
output_len: 59, retokenized_output_len: 34
output_len: 177, retokenized_output_len: 32
output_len: 51, retokenized_output_len: 17
output_len: 37, retokenized_output_len: 40
output_len: 138, retokenized_output_len: 29
output_len: 140, retokenized_output_len: 26
output_len: 6, retokenized_output_len: 28
output_len: 112, retokenized_output_len: 39
output_len: 374, retokenized_output_len: 43
output_len: 26, retokenized_output_len: 18
output_len: 176, retokenized_output_len: 36
output_len: 235, retokenized_output_len: 36
output_len: 284, retokenized_output_len: 38
output_len: 23, retokenized_output_len: 35
output_len: 119, retokenized_output_len: 46
output_len: 278, retokenized_output_len: 36
output_len: 355, retokenized_output_len: 40
output_len: 16, retokenized_output_len: 16
output_len: 66, retokenized_output_len: 18
output_len: 14, retokenized_output_len: 14
output_len: 308, retokenized_output_len: 31
output_len: 11, retokenized_output_len: 26
output_len: 53, retokenized_output_len: 25
output_len: 49, retokenized_output_len: 43
output_len: 28, retokenized_output_len: 37
output_len: 185, retokenized_output_len: 38
output_len: 293, retokenized_output_len: 33
output_len: 36, retokenized_output_len: 16
output_len: 258, retokenized_output_len: 36
output_len: 116, retokenized_output_len: 39
output_len: 694, retokenized_output_len: 4
output_len: 36, retokenized_output_len: 33
output_len: 425, retokenized_output_len: 32
output_len: 50, retokenized_output_len: 32
output_len: 210, retokenized_output_len: 29
output_len: 224, retokenized_output_len: 40
output_len: 217, retokenized_output_len: 34
output_len: 396, retokenized_output_len: 36
output_len: 8, retokenized_output_len: 34
output_len: 220, retokenized_output_len: 30
output_len: 356, retokenized_output_len: 28
output_len: 10, retokenized_output_len: 27
output_len: 488, retokenized_output_len: 29
output_len: 28, retokenized_output_len: 27
output_len: 806, retokenized_output_len: 26
output_len: 17, retokenized_output_len: 26
output_len: 683, retokenized_output_len: 38
output_len: 626, retokenized_output_len: 38
output_len: 806, retokenized_output_len: 26
output_len: 198, retokenized_output_len: 38
output_len: 190, retokenized_output_len: 38
output_len: 743, retokenized_output_len: 26
output_len: 87, retokenized_output_len: 26
output_len: 33, retokenized_output_len: 40
output_len: 53, retokenized_output_len: 35
output_len: 818, retokenized_output_len: 36
output_len: 21, retokenized_output_len: 36
output_len: 190, retokenized_output_len: 32
output_len: 16, retokenized_output_len: 34
output_len: 32, retokenized_output_len: 27
output_len: 7, retokenized_output_len: 40
output_len: 186, retokenized_output_len: 33
output_len: 44, retokenized_output_len: 38
output_len: 367, retokenized_output_len: 35
output_len: 103, retokenized_output_len: 34
output_len: 365, retokenized_output_len: 34
output_len: 14, retokenized_output_len: 30
output_len: 482, retokenized_output_len: 32
output_len: 302, retokenized_output_len: 27
output_len: 361, retokenized_output_len: 25
output_len: 291, retokenized_output_len: 30
output_len: 241, retokenized_output_len: 26
output_len: 153, retokenized_output_len: 26
output_len: 27, retokenized_output_len: 39
output_len: 9, retokenized_output_len: 27
output_len: 31, retokenized_output_len: 27
output_len: 394, retokenized_output_len: 22
output_len: 44, retokenized_output_len: 40
output_len: 47, retokenized_output_len: 38
output_len: 216, retokenized_output_len: 24
output_len: 914, retokenized_output_len: 24
output_len: 333, retokenized_output_len: 38
output_len: 25, retokenized_output_len: 25
output_len: 147, retokenized_output_len: 36
output_len: 19, retokenized_output_len: 36
output_len: 20, retokenized_output_len: 34
output_len: 454, retokenized_output_len: 34
output_len: 10, retokenized_output_len: 32
output_len: 7, retokenized_output_len: 32
output_len: 746, retokenized_output_len: 30
output_len: 84, retokenized_output_len: 30
output_len: 106, retokenized_output_len: 21
output_len: 840, retokenized_output_len: 27
output_len: 116, retokenized_output_len: 27
output_len: 12, retokenized_output_len: 26
output_len: 214, retokenized_output_len: 38
output_len: 116, retokenized_output_len: 22
output_len: 27, retokenized_output_len: 35
output_len: 787, retokenized_output_len: 34
output_len: 9, retokenized_output_len: 34
output_len: 11, retokenized_output_len: 26
output_len: 86, retokenized_output_len: 30
output_len: 23, retokenized_output_len: 18
output_len: 963, retokenized_output_len: 31
output_len: 66, retokenized_output_len: 30
output_len: 7, retokenized_output_len: 24
output_len: 129, retokenized_output_len: 30
output_len: 12, retokenized_output_len: 14
output_len: 19, retokenized_output_len: 32
output_len: 44, retokenized_output_len: 32
output_len: 373, retokenized_output_len: 26
output_len: 239, retokenized_output_len: 30
output_len: 305, retokenized_output_len: 29
output_len: 12, retokenized_output_len: 19
output_len: 298, retokenized_output_len: 40
output_len: 9, retokenized_output_len: 26
output_len: 289, retokenized_output_len: 31
output_len: 32, retokenized_output_len: 26
output_len: 13, retokenized_output_len: 39
output_len: 349, retokenized_output_len: 40
output_len: 548, retokenized_output_len: 9
output_len: 95, retokenized_output_len: 39
output_len: 349, retokenized_output_len: 24
output_len: 223, retokenized_output_len: 38
output_len: 444, retokenized_output_len: 36
output_len: 359, retokenized_output_len: 38
output_len: 94, retokenized_output_len: 27
output_len: 627, retokenized_output_len: 36
output_len: 194, retokenized_output_len: 26
output_len: 43, retokenized_output_len: 27
output_len: 109, retokenized_output_len: 30
output_len: 239, retokenized_output_len: 32
output_len: 174, retokenized_output_len: 34
output_len: 313, retokenized_output_len: 25
output_len: 92, retokenized_output_len: 30
output_len: 105, retokenized_output_len: 34
output_len: 508, retokenized_output_len: 32
output_len: 502, retokenized_output_len: 24
output_len: 364, retokenized_output_len: 32
output_len: 383, retokenized_output_len: 35
output_len: 228, retokenized_output_len: 26
output_len: 320, retokenized_output_len: 37
output_len: 497, retokenized_output_len: 30
output_len: 8, retokenized_output_len: 40
output_len: 9, retokenized_output_len: 15
output_len: 85, retokenized_output_len: 12
output_len: 101, retokenized_output_len: 27
output_len: 292, retokenized_output_len: 26
output_len: 287, retokenized_output_len: 26
output_len: 148, retokenized_output_len: 40
output_len: 538, retokenized_output_len: 29
output_len: 7, retokenized_output_len: 31
output_len: 257, retokenized_output_len: 24
output_len: 564, retokenized_output_len: 26
output_len: 30, retokenized_output_len: 40
output_len: 1073, retokenized_output_len: 40
output_len: 296, retokenized_output_len: 27
output_len: 54, retokenized_output_len: 29
output_len: 7, retokenized_output_len: 36
output_len: 51, retokenized_output_len: 25
output_len: 432, retokenized_output_len: 39
output_len: 11, retokenized_output_len: 34
output_len: 437, retokenized_output_len: 25
output_len: 28, retokenized_output_len: 34
output_len: 17, retokenized_output_len: 14
output_len: 566, retokenized_output_len: 25
output_len: 104, retokenized_output_len: 30
output_len: 6, retokenized_output_len: 38
output_len: 401, retokenized_output_len: 28
output_len: 6, retokenized_output_len: 27
output_len: 341, retokenized_output_len: 34
output_len: 8, retokenized_output_len: 14
output_len: 22, retokenized_output_len: 37
output_len: 11, retokenized_output_len: 20
output_len: 110, retokenized_output_len: 28
output_len: 31, retokenized_output_len: 33
output_len: 176, retokenized_output_len: 25
output_len: 4, retokenized_output_len: 38
output_len: 270, retokenized_output_len: 29
output_len: 88, retokenized_output_len: 19
output_len: 177, retokenized_output_len: 19
output_len: 1094, retokenized_output_len: 34
output_len: 23, retokenized_output_len: 34
output_len: 462, retokenized_output_len: 17
output_len: 35, retokenized_output_len: 32
output_len: 19, retokenized_output_len: 16
output_len: 291, retokenized_output_len: 32
output_len: 166, retokenized_output_len: 38
output_len: 53, retokenized_output_len: 15
output_len: 309, retokenized_output_len: 27
output_len: 22, retokenized_output_len: 32
output_len: 29, retokenized_output_len: 16
output_len: 17, retokenized_output_len: 0
output_len: 245, retokenized_output_len: 6
output_len: 44, retokenized_output_len: 36
output_len: 363, retokenized_output_len: 32
output_len: 594, retokenized_output_len: 34
output_len: 453, retokenized_output_len: 32
output_len: 422, retokenized_output_len: 29
output_len: 345, retokenized_output_len: 32
output_len: 516, retokenized_output_len: 32
output_len: 273, retokenized_output_len: 34
output_len: 394, retokenized_output_len: 30
output_len: 287, retokenized_output_len: 27
output_len: 12, retokenized_output_len: 28
output_len: 10, retokenized_output_len: 27
output_len: 397, retokenized_output_len: 16
output_len: 18, retokenized_output_len: 25
output_len: 235, retokenized_output_len: 34
output_len: 370, retokenized_output_len: 6
output_len: 653, retokenized_output_len: 32
output_len: 22, retokenized_output_len: 24
output_len: 12, retokenized_output_len: 18
output_len: 264, retokenized_output_len: 38
output_len: 42, retokenized_output_len: 10
output_len: 145, retokenized_output_len: 34
output_len: 8, retokenized_output_len: 38
output_len: 1199, retokenized_output_len: 14
output_len: 22, retokenized_output_len: 36
output_len: 270, retokenized_output_len: 36
output_len: 858, retokenized_output_len: 36
output_len: 7, retokenized_output_len: 16
output_len: 19, retokenized_output_len: 30
output_len: 580, retokenized_output_len: 6
output_len: 360, retokenized_output_len: 32
output_len: 660, retokenized_output_len: 34
output_len: 320, retokenized_output_len: 10
output_len: 589, retokenized_output_len: 6
output_len: 96, retokenized_output_len: 34
output_len: 465, retokenized_output_len: 34
output_len: 155, retokenized_output_len: 25
output_len: 35, retokenized_output_len: 32
output_len: 326, retokenized_output_len: 27
output_len: 77, retokenized_output_len: 32
output_len: 251, retokenized_output_len: 8
output_len: 343, retokenized_output_len: 0
output_len: 51, retokenized_output_len: 31
output_len: 25, retokenized_output_len: 26
output_len: 475, retokenized_output_len: 26
output_len: 617, retokenized_output_len: 27
output_len: 44, retokenized_output_len: 38
output_len: 123, retokenized_output_len: 27
output_len: 27, retokenized_output_len: 32
output_len: 83, retokenized_output_len: 35
output_len: 195, retokenized_output_len: 30
output_len: 131, retokenized_output_len: 30
output_len: 192, retokenized_output_len: 8
output_len: 15, retokenized_output_len: 27
output_len: 175, retokenized_output_len: 27
output_len: 621, retokenized_output_len: 34
output_len: 11, retokenized_output_len: 14
output_len: 338, retokenized_output_len: 26
output_len: 384, retokenized_output_len: 26
output_len: 845, retokenized_output_len: 38
output_len: 131, retokenized_output_len: 5
output_len: 399, retokenized_output_len: 35
output_len: 221, retokenized_output_len: 25
output_len: 9, retokenized_output_len: 38
output_len: 910, retokenized_output_len: 7
output_len: 527, retokenized_output_len: 38
output_len: 787, retokenized_output_len: 17
output_len: 422, retokenized_output_len: 33
output_len: 356, retokenized_output_len: 18
output_len: 116, retokenized_output_len: 16
output_len: 347, retokenized_output_len: 40
output_len: 275, retokenized_output_len: 36
output_len: 357, retokenized_output_len: 34
output_len: 167, retokenized_output_len: 21
output_len: 10, retokenized_output_len: 30
output_len: 322, retokenized_output_len: 5
output_len: 104, retokenized_output_len: 11
output_len: 10, retokenized_output_len: 34
output_len: 169, retokenized_output_len: 27
output_len: 679, retokenized_output_len: 20
output_len: 268, retokenized_output_len: 27
output_len: 337, retokenized_output_len: 6
output_len: 49, retokenized_output_len: 26
output_len: 383, retokenized_output_len: 14
output_len: 157, retokenized_output_len: 3
output_len: 19, retokenized_output_len: 26
output_len: 38, retokenized_output_len: 40
output_len: 15, retokenized_output_len: 27
output_len: 409, retokenized_output_len: 40
output_len: 10, retokenized_output_len: 38
output_len: 389, retokenized_output_len: 37
output_len: 648, retokenized_output_len: 32
output_len: 245, retokenized_output_len: 36
output_len: 423, retokenized_output_len: 26
output_len: 24, retokenized_output_len: 16
output_len: 12, retokenized_output_len: 31
output_len: 29, retokenized_output_len: 31
output_len: 35, retokenized_output_len: 30
output_len: 616, retokenized_output_len: 4
output_len: 826, retokenized_output_len: 8
output_len: 561, retokenized_output_len: 38
output_len: 97, retokenized_output_len: 30
output_len: 9, retokenized_output_len: 30
output_len: 15, retokenized_output_len: 14
output_len: 54, retokenized_output_len: 27
output_len: 43, retokenized_output_len: 4
output_len: 942, retokenized_output_len: 27
output_len: 161, retokenized_output_len: 32
output_len: 35, retokenized_output_len: 13
output_len: 186, retokenized_output_len: 12
output_len: 6, retokenized_output_len: 38
output_len: 29, retokenized_output_len: 36
output_len: 77, retokenized_output_len: 36
output_len: 276, retokenized_output_len: 32
output_len: 299, retokenized_output_len: 34
output_len: 648, retokenized_output_len: 34
output_len: 316, retokenized_output_len: 34
output_len: 22, retokenized_output_len: 35
output_len: 132, retokenized_output_len: 8
output_len: 54, retokenized_output_len: 35
output_len: 336, retokenized_output_len: 30
output_len: 13, retokenized_output_len: 9
output_len: 355, retokenized_output_len: 8
output_len: 300, retokenized_output_len: 9
output_len: 5, retokenized_output_len: 38
output_len: 14, retokenized_output_len: 7
output_len: 352, retokenized_output_len: 32
output_len: 154, retokenized_output_len: 5
output_len: 144, retokenized_output_len: 4
output_len: 16, retokenized_output_len: 4
output_len: 37, retokenized_output_len: 33
output_len: 52, retokenized_output_len: 2
output_len: 7, retokenized_output_len: 2
output_len: 45, retokenized_output_len: 14
output_len: 54, retokenized_output_len: 2
output_len: 190, retokenized_output_len: 21
output_len: 103, retokenized_output_len: 1
output_len: 15, retokenized_output_len: 14
output_len: 338, retokenized_output_len: 28
output_len: 23, retokenized_output_len: 3
output_len: 148, retokenized_output_len: 28
output_len: 36, retokenized_output_len: 26
output_len: 27, retokenized_output_len: 13
output_len: 418, retokenized_output_len: 18
output_len: 338, retokenized_output_len: 30
output_len: 135, retokenized_output_len: 2
output_len: 33, retokenized_output_len: 2
output_len: 688, retokenized_output_len: 4
output_len: 203, retokenized_output_len: 2
output_len: 388, retokenized_output_len: 0
output_len: 47, retokenized_output_len: 2
output_len: 908, retokenized_output_len: 40
output_len: 345, retokenized_output_len: 17
output_len: 115, retokenized_output_len: 2
output_len: 9, retokenized_output_len: 5
output_len: 4, retokenized_output_len: 2
output_len: 292, retokenized_output_len: 1
output_len: 21, retokenized_output_len: 0
output_len: 126, retokenized_output_len: 34
output_len: 991, retokenized_output_len: 3
output_len: 358, retokenized_output_len: 8
output_len: 44, retokenized_output_len: 12
output_len: 279, retokenized_output_len: 7
output_len: 203, retokenized_output_len: 3
output_len: 354, retokenized_output_len: 7
output_len: 975, retokenized_output_len: 38
output_len: 8, retokenized_output_len: 37
output_len: 336, retokenized_output_len: 17
output_len: 7, retokenized_output_len: 24
output_len: 36, retokenized_output_len: 15
output_len: 285, retokenized_output_len: 8
output_len: 4, retokenized_output_len: 28
output_len: 14, retokenized_output_len: 38
output_len: 167, retokenized_output_len: 30
output_len: 306, retokenized_output_len: 26
output_len: 246, retokenized_output_len: 10
output_len: 214, retokenized_output_len: 9
output_len: 99, retokenized_output_len: 4
output_len: 241, retokenized_output_len: 38
output_len: 264, retokenized_output_len: 14
output_len: 369, retokenized_output_len: 10
output_len: 30, retokenized_output_len: 4
output_len: 317, retokenized_output_len: 7
output_len: 409, retokenized_output_len: 10
output_len: 73, retokenized_output_len: 3
output_len: 290, retokenized_output_len: 34
output_len: 19, retokenized_output_len: 38
output_len: 458, retokenized_output_len: 6
output_len: 354, retokenized_output_len: 32
output_len: 58, retokenized_output_len: 38
output_len: 339, retokenized_output_len: 26
output_len: 314, retokenized_output_len: 6
output_len: 187, retokenized_output_len: 38
output_len: 31, retokenized_output_len: 21
output_len: 19, retokenized_output_len: 31
output_len: 54, retokenized_output_len: 34
output_len: 193, retokenized_output_len: 6
output_len: 683, retokenized_output_len: 5
output_len: 820, retokenized_output_len: 32
output_len: 47, retokenized_output_len: 4
output_len: 46, retokenized_output_len: 27
output_len: 301, retokenized_output_len: 4
output_len: 14, retokenized_output_len: 40
output_len: 40, retokenized_output_len: 38
output_len: 337, retokenized_output_len: 20
output_len: 27, retokenized_output_len: 4
output_len: 84, retokenized_output_len: 19
output_len: 286, retokenized_output_len: 36
output_len: 98, retokenized_output_len: 21
output_len: 304, retokenized_output_len: 20
output_len: 40, retokenized_output_len: 35
output_len: 281, retokenized_output_len: 32
output_len: 212, retokenized_output_len: 23
output_len: 46, retokenized_output_len: 32
output_len: 14, retokenized_output_len: 25
output_len: 16, retokenized_output_len: 18
output_len: 508, retokenized_output_len: 36
output_len: 254, retokenized_output_len: 7
output_len: 478, retokenized_output_len: 4
output_len: 423, retokenized_output_len: 10
output_len: 39, retokenized_output_len: 16
output_len: 43, retokenized_output_len: 14
output_len: 384, retokenized_output_len: 7
output_len: 558, retokenized_output_len: 2
output_len: 1042, retokenized_output_len: 8
output_len: 211, retokenized_output_len: 27
output_len: 251, retokenized_output_len: 5
output_len: 237, retokenized_output_len: 17
output_len: 588, retokenized_output_len: 38
output_len: 364, retokenized_output_len: 0
output_len: 137, retokenized_output_len: 32
output_len: 406, retokenized_output_len: 6
output_len: 408, retokenized_output_len: 5
output_len: 834, retokenized_output_len: 26
output_len: 172, retokenized_output_len: 11
output_len: 374, retokenized_output_len: 8
output_len: 310, retokenized_output_len: 0
output_len: 629, retokenized_output_len: 38
output_len: 225, retokenized_output_len: 4
output_len: 368, retokenized_output_len: 7
output_len: 414, retokenized_output_len: 32
output_len: 108, retokenized_output_len: 10
output_len: 752, retokenized_output_len: 8
output_len: 229, retokenized_output_len: 7
output_len: 285, retokenized_output_len: 5
output_len: 105, retokenized_output_len: 27
output_len: 124, retokenized_output_len: 8
output_len: 720, retokenized_output_len: 3
output_len: 168, retokenized_output_len: 13
output_len: 25, retokenized_output_len: 38
output_len: 124, retokenized_output_len: 11
output_len: 293, retokenized_output_len: 4
output_len: 71, retokenized_output_len: 31
output_len: 190, retokenized_output_len: 11
output_len: 5, retokenized_output_len: 25
output_len: 122, retokenized_output_len: 26
output_len: 348, retokenized_output_len: 8
output_len: 6, retokenized_output_len: 4
output_len: 138, retokenized_output_len: 38
output_len: 646, retokenized_output_len: 8
output_len: 432, retokenized_output_len: 0
output_len: 42, retokenized_output_len: 31
output_len: 37, retokenized_output_len: 0
output_len: 27, retokenized_output_len: 20
output_len: 6, retokenized_output_len: 4
output_len: 310, retokenized_output_len: 2
output_len: 315, retokenized_output_len: 26
output_len: 148, retokenized_output_len: 35
output_len: 4, retokenized_output_len: 19
output_len: 42, retokenized_output_len: 16
output_len: 9, retokenized_output_len: 0
output_len: 130, retokenized_output_len: 8
output_len: 43, retokenized_output_len: 34
output_len: 59, retokenized_output_len: 26
output_len: 501, retokenized_output_len: 4
output_len: 198, retokenized_output_len: 38
output_len: 603, retokenized_output_len: 5
output_len: 7, retokenized_output_len: 31
output_len: 409, retokenized_output_len: 13
output_len: 349, retokenized_output_len: 4
output_len: 125, retokenized_output_len: 27
output_len: 372, retokenized_output_len: 6
output_len: 14, retokenized_output_len: 6
output_len: 513, retokenized_output_len: 0
output_len: 457, retokenized_output_len: 35
output_len: 99, retokenized_output_len: 0
output_len: 175, retokenized_output_len: 0
output_len: 326, retokenized_output_len: 11
output_len: 329, retokenized_output_len: 30
output_len: 757, retokenized_output_len: 8
output_len: 40, retokenized_output_len: 30
output_len: 195, retokenized_output_len: 8
output_len: 158, retokenized_output_len: 26
output_len: 342, retokenized_output_len: 8
output_len: 12, retokenized_output_len: 12
output_len: 125, retokenized_output_len: 8
output_len: 555, retokenized_output_len: 36
output_len: 22, retokenized_output_len: 11
output_len: 32, retokenized_output_len: 4
output_len: 8, retokenized_output_len: 5
output_len: 156, retokenized_output_len: 6
output_len: 288, retokenized_output_len: 13
output_len: 9, retokenized_output_len: 4
output_len: 57, retokenized_output_len: 8
output_len: 351, retokenized_output_len: 27
output_len: 108, retokenized_output_len: 11
output_len: 11, retokenized_output_len: 4
output_len: 353, retokenized_output_len: 26
output_len: 127, retokenized_output_len: 2
output_len: 27, retokenized_output_len: 30
output_len: 10, retokenized_output_len: 40
output_len: 193, retokenized_output_len: 4
output_len: 476, retokenized_output_len: 38
output_len: 489, retokenized_output_len: 10
output_len: 395, retokenized_output_len: 14
output_len: 231, retokenized_output_len: 6
output_len: 451, retokenized_output_len: 6
output_len: 617, retokenized_output_len: 6
output_len: 537, retokenized_output_len: 8
output_len: 276, retokenized_output_len: 7
output_len: 242, retokenized_output_len: 6
output_len: 75, retokenized_output_len: 34
output_len: 597, retokenized_output_len: 8
output_len: 125, retokenized_output_len: 27
output_len: 48, retokenized_output_len: 18
output_len: 258, retokenized_output_len: 6
output_len: 96, retokenized_output_len: 6
output_len: 289, retokenized_output_len: 4
output_len: 431, retokenized_output_len: 24
output_len: 274, retokenized_output_len: 10
output_len: 548, retokenized_output_len: 7
output_len: 357, retokenized_output_len: 6
output_len: 992, retokenized_output_len: 2
output_len: 183, retokenized_output_len: 8
output_len: 37, retokenized_output_len: 29
output_len: 745, retokenized_output_len: 15
output_len: 612, retokenized_output_len: 30
output_len: 18, retokenized_output_len: 14
output_len: 19, retokenized_output_len: 18
output_len: 275, retokenized_output_len: 30
output_len: 773, retokenized_output_len: 14
output_len: 291, retokenized_output_len: 28
output_len: 17, retokenized_output_len: 30
output_len: 24, retokenized_output_len: 30
output_len: 36, retokenized_output_len: 1
output_len: 372, retokenized_output_len: 30
output_len: 444, retokenized_output_len: 30
output_len: 223, retokenized_output_len: 30
output_len: 338, retokenized_output_len: 28
output_len: 377, retokenized_output_len: 28
output_len: 98, retokenized_output_len: 30
output_len: 293, retokenized_output_len: 30
output_len: 92, retokenized_output_len: 28
output_len: 357, retokenized_output_len: 30
output_len: 189, retokenized_output_len: 30
output_len: 37, retokenized_output_len: 30
output_len: 15, retokenized_output_len: 30
output_len: 197, retokenized_output_len: 30
output_len: 21, retokenized_output_len: 29
output_len: 401, retokenized_output_len: 30
output_len: 34, retokenized_output_len: 30
output_len: 108, retokenized_output_len: 28
output_len: 84, retokenized_output_len: 29
output_len: 35, retokenized_output_len: 30
output_len: 16, retokenized_output_len: 30
output_len: 7, retokenized_output_len: 20
output_len: 21, retokenized_output_len: 30
output_len: 7, retokenized_output_len: 29
output_len: 337, retokenized_output_len: 28
output_len: 127, retokenized_output_len: 15
output_len: 28, retokenized_output_len: 29
output_len: 525, retokenized_output_len: 30
output_len: 7, retokenized_output_len: 4
output_len: 240, retokenized_output_len: 15
output_len: 836, retokenized_output_len: 16
output_len: 247, retokenized_output_len: 16
output_len: 397, retokenized_output_len: 15
output_len: 234, retokenized_output_len: 15
output_len: 715, retokenized_output_len: 5
output_len: 38, retokenized_output_len: 0
output_len: 932, retokenized_output_len: 0
output_len: 681, retokenized_output_len: 6
output_len: 300, retokenized_output_len: 8
output_len: 647, retokenized_output_len: 4
output_len: 157, retokenized_output_len: 13
output_len: 150, retokenized_output_len: 8
output_len: 134, retokenized_output_len: 9
output_len: 417, retokenized_output_len: 28
output_len: 1446, retokenized_output_len: 30
output_len: 472, retokenized_output_len: 8
output_len: 209, retokenized_output_len: 8
output_len: 303, retokenized_output_len: 8
output_len: 12, retokenized_output_len: 14
output_len: 463, retokenized_output_len: 9
output_len: 145, retokenized_output_len: 27
output_len: 363, retokenized_output_len: 8
output_len: 95, retokenized_output_len: 0
output_len: 214, retokenized_output_len: 8
output_len: 111, retokenized_output_len: 7
output_len: 56, retokenized_output_len: 14
output_len: 260, retokenized_output_len: 4
output_len: 100, retokenized_output_len: 0
output_len: 31, retokenized_output_len: 27
output_len: 175, retokenized_output_len: 6
output_len: 1239, retokenized_output_len: 12
output_len: 23, retokenized_output_len: 8
output_len: 357, retokenized_output_len: 8
output_len: 365, retokenized_output_len: 6
output_len: 281, retokenized_output_len: 0
output_len: 341, retokenized_output_len: 6
output_len: 12, retokenized_output_len: 4
output_len: 71, retokenized_output_len: 8
output_len: 241, retokenized_output_len: 8
output_len: 111, retokenized_output_len: 10
output_len: 4, retokenized_output_len: 11
output_len: 256, retokenized_output_len: 2
output_len: 197, retokenized_output_len: 8
output_len: 44, retokenized_output_len: 16
output_len: 519, retokenized_output_len: 7
output_len: 523, retokenized_output_len: 8
output_len: 20, retokenized_output_len: 0
output_len: 7, retokenized_output_len: 14
output_len: 37, retokenized_output_len: 12
output_len: 10, retokenized_output_len: 9
output_len: 569, retokenized_output_len: 14
output_len: 1591, retokenized_output_len: 5
output_len: 26, retokenized_output_len: 8
output_len: 316, retokenized_output_len: 8
output_len: 109, retokenized_output_len: 5
output_len: 242, retokenized_output_len: 11
output_len: 29, retokenized_output_len: 11
output_len: 63, retokenized_output_len: 8
output_len: 275, retokenized_output_len: 0
output_len: 78, retokenized_output_len: 8
output_len: 76, retokenized_output_len: 25
output_len: 375, retokenized_output_len: 20
output_len: 37, retokenized_output_len: 23
output_len: 16, retokenized_output_len: 31
output_len: 339, retokenized_output_len: 23
output_len: 10, retokenized_output_len: 17
output_len: 134, retokenized_output_len: 15
output_len: 38, retokenized_output_len: 0
output_len: 400, retokenized_output_len: 15
output_len: 665, retokenized_output_len: 0
output_len: 384, retokenized_output_len: 5
output_len: 299, retokenized_output_len: 6
output_len: 564, retokenized_output_len: 4
output_len: 594, retokenized_output_len: 10
output_len: 272, retokenized_output_len: 3
output_len: 354, retokenized_output_len: 8
output_len: 33, retokenized_output_len: 0
output_len: 555, retokenized_output_len: 1
output_len: 345, retokenized_output_len: 6
output_len: 7, retokenized_output_len: 33
output_len: 146, retokenized_output_len: 17
output_len: 27, retokenized_output_len: 4
output_len: 305, retokenized_output_len: 12
output_len: 426, retokenized_output_len: 2
output_len: 333, retokenized_output_len: 16
output_len: 4, retokenized_output_len: 4
output_len: 148, retokenized_output_len: 8
output_len: 537, retokenized_output_len: 11
output_len: 18, retokenized_output_len: 30
output_len: 684, retokenized_output_len: 8
output_len: 251, retokenized_output_len: 8
output_len: 806, retokenized_output_len: 6
output_len: 23, retokenized_output_len: 4
output_len: 47, retokenized_output_len: 26
output_len: 296, retokenized_output_len: 8
output_len: 668, retokenized_output_len: 0
output_len: 18, retokenized_output_len: 36
output_len: 46, retokenized_output_len: 8
output_len: 879, retokenized_output_len: 6
output_len: 9, retokenized_output_len: 35
output_len: 170, retokenized_output_len: 5
output_len: 219, retokenized_output_len: 8
output_len: 231, retokenized_output_len: 2
output_len: 336, retokenized_output_len: 8
output_len: 478, retokenized_output_len: 5
output_len: 279, retokenized_output_len: 2
output_len: 80, retokenized_output_len: 4
output_len: 377, retokenized_output_len: 11
output_len: 250, retokenized_output_len: 7
output_len: 10, retokenized_output_len: 15
output_len: 285, retokenized_output_len: 4
output_len: 830, retokenized_output_len: 11
output_len: 372, retokenized_output_len: 8
output_len: 271, retokenized_output_len: 14
output_len: 97, retokenized_output_len: 0
output_len: 178, retokenized_output_len: 15
output_len: 119, retokenized_output_len: 12
output_len: 32, retokenized_output_len: 25
output_len: 303, retokenized_output_len: 12
output_len: 427, retokenized_output_len: 10
output_len: 275, retokenized_output_len: 9
output_len: 279, retokenized_output_len: 26
output_len: 732, retokenized_output_len: 26
output_len: 357, retokenized_output_len: 11
output_len: 94, retokenized_output_len: 6
output_len: 45, retokenized_output_len: 26
output_len: 374, retokenized_output_len: 8
output_len: 490, retokenized_output_len: 6
output_len: 228, retokenized_output_len: 4
output_len: 225, retokenized_output_len: 6
output_len: 200, retokenized_output_len: 4
output_len: 258, retokenized_output_len: 10
output_len: 753, retokenized_output_len: 27
output_len: 381, retokenized_output_len: 8
output_len: 21, retokenized_output_len: 27
output_len: 293, retokenized_output_len: 11
output_len: 266, retokenized_output_len: 27
output_len: 253, retokenized_output_len: 8
output_len: 55, retokenized_output_len: 26
output_len: 112, retokenized_output_len: 6
output_len: 530, retokenized_output_len: 8
output_len: 399, retokenized_output_len: 3
output_len: 180, retokenized_output_len: 18
output_len: 78, retokenized_output_len: 27
output_len: 142, retokenized_output_len: 15
output_len: 575, retokenized_output_len: 14
output_len: 89, retokenized_output_len: 30
output_len: 8, retokenized_output_len: 0
output_len: 440, retokenized_output_len: 6
output_len: 160, retokenized_output_len: 4
output_len: 100, retokenized_output_len: 7
output_len: 857, retokenized_output_len: 8
output_len: 135, retokenized_output_len: 18
output_len: 154, retokenized_output_len: 7
output_len: 327, retokenized_output_len: 10
output_len: 222, retokenized_output_len: 30
output_len: 15, retokenized_output_len: 17
output_len: 324, retokenized_output_len: 14
output_len: 242, retokenized_output_len: 14
output_len: 616, retokenized_output_len: 4
output_len: 191, retokenized_output_len: 8
output_len: 305, retokenized_output_len: 9
output_len: 317, retokenized_output_len: 9
output_len: 634, retokenized_output_len: 0
output_len: 40, retokenized_output_len: 6
output_len: 8, retokenized_output_len: 13
output_len: 205, retokenized_output_len: 8
output_len: 57, retokenized_output_len: 32
output_len: 189, retokenized_output_len: 9
output_len: 506, retokenized_output_len: 30
output_len: 384, retokenized_output_len: 0
output_len: 149, retokenized_output_len: 4
output_len: 347, retokenized_output_len: 4
output_len: 166, retokenized_output_len: 4
output_len: 62, retokenized_output_len: 6
output_len: 184, retokenized_output_len: 4
output_len: 877, retokenized_output_len: 2
output_len: 371, retokenized_output_len: 0
output_len: 232, retokenized_output_len: 0
output_len: 83, retokenized_output_len: 8
output_len: 514, retokenized_output_len: 6
output_len: 384, retokenized_output_len: 4
output_len: 615, retokenized_output_len: 5
output_len: 257, retokenized_output_len: 10
output_len: 231, retokenized_output_len: 5
output_len: 49, retokenized_output_len: 0
output_len: 161, retokenized_output_len: 6
output_len: 113, retokenized_output_len: 4
output_len: 187, retokenized_output_len: 5
output_len: 420, retokenized_output_len: 5
output_len: 438, retokenized_output_len: 11
output_len: 88, retokenized_output_len: 8
output_len: 307, retokenized_output_len: 0
output_len: 150, retokenized_output_len: 11
output_len: 331, retokenized_output_len: 12
output_len: 108, retokenized_output_len: 7
output_len: 819, retokenized_output_len: 8
output_len: 478, retokenized_output_len: 6
output_len: 151, retokenized_output_len: 27
output_len: 120, retokenized_output_len: 6
output_len: 358, retokenized_output_len: 7
output_len: 264, retokenized_output_len: 29
output_len: 392, retokenized_output_len: 6
output_len: 337, retokenized_output_len: 8
output_len: 35, retokenized_output_len: 18
output_len: 176, retokenized_output_len: 8
output_len: 441, retokenized_output_len: 0
output_len: 522, retokenized_output_len: 4
output_len: 47, retokenized_output_len: 8
output_len: 376, retokenized_output_len: 2
output_len: 335, retokenized_output_len: 11
output_len: 373, retokenized_output_len: 29
output_len: 166, retokenized_output_len: 7
output_len: 200, retokenized_output_len: 8
output_len: 19, retokenized_output_len: 32
output_len: 582, retokenized_output_len: 8
output_len: 41, retokenized_output_len: 24
output_len: 188, retokenized_output_len: 10
output_len: 197, retokenized_output_len: 0
output_len: 209, retokenized_output_len: 4
output_len: 16, retokenized_output_len: 22
output_len: 313, retokenized_output_len: 17
output_len: 921, retokenized_output_len: 19
output_len: 970, retokenized_output_len: 32
output_len: 228, retokenized_output_len: 17
output_len: 408, retokenized_output_len: 6
output_len: 90, retokenized_output_len: 4
output_len: 1796, retokenized_output_len: 13
output_len: 270, retokenized_output_len: 9
output_len: 278, retokenized_output_len: 6
output_len: 947, retokenized_output_len: 7
output_len: 118, retokenized_output_len: 11
output_len: 244, retokenized_output_len: 8
output_len: 14, retokenized_output_len: 5
output_len: 138, retokenized_output_len: 8
output_len: 164, retokenized_output_len: 8
output_len: 299, retokenized_output_len: 6
output_len: 513, retokenized_output_len: 8
output_len: 659, retokenized_output_len: 3
output_len: 163, retokenized_output_len: 6
output_len: 398, retokenized_output_len: 8
output_len: 211, retokenized_output_len: 8
output_len: 627, retokenized_output_len: 2
output_len: 280, retokenized_output_len: 4
output_len: 89, retokenized_output_len: 4
output_len: 229, retokenized_output_len: 5
output_len: 325, retokenized_output_len: 8
output_len: 53, retokenized_output_len: 34
output_len: 87, retokenized_output_len: 0
output_len: 37, retokenized_output_len: 6
output_len: 293, retokenized_output_len: 8
output_len: 168, retokenized_output_len: 4
output_len: 29, retokenized_output_len: 37
output_len: 406, retokenized_output_len: 0
output_len: 246, retokenized_output_len: 8
output_len: 79, retokenized_output_len: 34
output_len: 149, retokenized_output_len: 8
output_len: 421, retokenized_output_len: 6
output_len: 48, retokenized_output_len: 6
output_len: 427, retokenized_output_len: 6
output_len: 420, retokenized_output_len: 4
output_len: 255, retokenized_output_len: 6
output_len: 413, retokenized_output_len: 5
output_len: 393, retokenized_output_len: 4
output_len: 286, retokenized_output_len: 8
output_len: 35, retokenized_output_len: 13
output_len: 385, retokenized_output_len: 8
output_len: 326, retokenized_output_len: 2
output_len: 167, retokenized_output_len: 2
output_len: 94, retokenized_output_len: 1
output_len: 884, retokenized_output_len: 2
output_len: 15, retokenized_output_len: 0
output_len: 7, retokenized_output_len: 1
output_len: 17, retokenized_output_len: 2
output_len: 34, retokenized_output_len: 2
output_len: 57, retokenized_output_len: 2
output_len: 19, retokenized_output_len: 2
output_len: 272, retokenized_output_len: 1
output_len: 55, retokenized_output_len: 6
output_len: 41, retokenized_output_len: 2
output_len: 269, retokenized_output_len: 2
output_len: 332, retokenized_output_len: 2
output_len: 72, retokenized_output_len: 1
output_len: 247, retokenized_output_len: 2
output_len: 11, retokenized_output_len: 0
output_len: 170, retokenized_output_len: 2
output_len: 271, retokenized_output_len: 2
output_len: 107, retokenized_output_len: 1
output_len: 170, retokenized_output_len: 2
output_len: 79, retokenized_output_len: 2
output_len: 372, retokenized_output_len: 2
output_len: 586, retokenized_output_len: 0
output_len: 12, retokenized_output_len: 2
output_len: 27, retokenized_output_len: 0
output_len: 364, retokenized_output_len: 1
output_len: 634, retokenized_output_len: 2
output_len: 7, retokenized_output_len: 1
output_len: 43, retokenized_output_len: 2
output_len: 39, retokenized_output_len: 0
output_len: 554, retokenized_output_len: 2
output_len: 51, retokenized_output_len: 1
output_len: 317, retokenized_output_len: 2
output_len: 293, retokenized_output_len: 2
output_len: 261, retokenized_output_len: 2
output_len: 36, retokenized_output_len: 2
output_len: 327, retokenized_output_len: 2
============================================================
Successful requests:                     1262      
Benchmark duration (s):                  100.10    
Request rate (rps):                      25.00     
Total input tokens:                      257674    
Total generated tokens:                  298844    
Total generated tokens (retokenized):    24879     
Request throughput (req/s):              12.61     
Input token throughput (tok/s):          2574.19   
Output token throughput (tok/s):         2985.48   
----------------End-to-End Latency----------------
Mean E2E Latency (ms):                   6064.62   
Median E2E Latency (ms):                 5063.71   
---------------Time to First Token----------------
Mean TTFT (ms):                          0.00      
Median TTFT (ms):                        0.00      
P99 TTFT (ms):                           0.00      
TTFT SLO (700.000000):                   1.00      
-----Time per Output Token (excl. 1st token)------
Mean TPOT (ms):                          170.14    
Median TPOT (ms):                        17.11     
P99 TPOT (ms):                           2224.16   
TPOT SLO (100.000000):                   0.79      
---------------Inter-token Latency----------------
Mean ITL (ms):                           0.00      
Median ITL (ms):                         0.00      
P99 ITL (ms):                            0.00      
==================================================

Running benchmark with request rate: 50.0

WARNING It is recommended to use the `Chat` or `Instruct` model for benchmarking.
Because when the tokenizer counts the output tokens, if there is gibberish, it might count incorrectly.

Namespace(backend='vllm', base_url=None, host='0.0.0.0', port=8010, dataset_name='sharegpt', dataset_path='', model='mistralai/Mistral-7B-v0.1', tokenizer=None, num_prompts=30000, request_rate=50.0, seed=1, multi=False, output_file=None, disable_tqdm=False, disable_stream=False, disable_ignore_eos=False, extra_request_body=None, window=100.0, config_file='configs/1_tier_config.yaml', request_rates='50,25,50')

True
Tokenizer: LlamaTokenizerFast(name_or_path='mistralai/Mistral-7B-v0.1', vocab_size=32000, model_max_length=1000000000000000019884624838656, is_fast=True, padding_side='left', truncation_side='right', special_tokens={'bos_token': '<s>', 'eos_token': '</s>', 'unk_token': '<unk>'}, clean_up_tokenization_spaces=False, added_tokens_decoder={
	0: AddedToken("<unk>", rstrip=False, lstrip=False, single_word=False, normalized=False, special=True),
	1: AddedToken("<s>", rstrip=False, lstrip=False, single_word=False, normalized=False, special=True),
	2: AddedToken("</s>", rstrip=False, lstrip=False, single_word=False, normalized=False, special=True),
}
)
Tokenizer_id: mistralai/Mistral-7B-v0.1
Starting initial single prompt test run...

Test prompt: The text appears to be discussing a mathematical theorem known as the "Poincaré-Hopf theorem". The theorem states that the sum of the degrees of a vector field on a sphere is equal to the Euler characteristic of the sphere. The Euler characteristic is a topological invariant that can be used to classify spaces. The theorem has applications in fields such as differential geometry and topology.

test output:  The The The The

Initial test run completed. Starting main benchmark run...

============ Serving Benchmark Result ============
Backend:                                 vllm      
Benchmarking Window:                     100.0     
output_len: 90, retokenized_output_len: 33
output_len: 45, retokenized_output_len: 12
output_len: 43, retokenized_output_len: 3
output_len: 104, retokenized_output_len: 26
output_len: 272, retokenized_output_len: 25
output_len: 277, retokenized_output_len: 25
output_len: 38, retokenized_output_len: 27
output_len: 438, retokenized_output_len: 27
output_len: 29, retokenized_output_len: 27
output_len: 6, retokenized_output_len: 0
output_len: 404, retokenized_output_len: 0
output_len: 149, retokenized_output_len: 30
output_len: 47, retokenized_output_len: 30
output_len: 26, retokenized_output_len: 0
output_len: 24, retokenized_output_len: 4
output_len: 54, retokenized_output_len: 29
output_len: 336, retokenized_output_len: 30
output_len: 11, retokenized_output_len: 14
output_len: 536, retokenized_output_len: 2
output_len: 200, retokenized_output_len: 4
output_len: 751, retokenized_output_len: 2
output_len: 14, retokenized_output_len: 4
output_len: 10, retokenized_output_len: 2
output_len: 252, retokenized_output_len: 4
output_len: 5, retokenized_output_len: 14
output_len: 11, retokenized_output_len: 5
output_len: 33, retokenized_output_len: 2
output_len: 11, retokenized_output_len: 32
output_len: 296, retokenized_output_len: 4
output_len: 8, retokenized_output_len: 32
output_len: 254, retokenized_output_len: 5
output_len: 41, retokenized_output_len: 0
output_len: 888, retokenized_output_len: 3
output_len: 408, retokenized_output_len: 2
output_len: 361, retokenized_output_len: 2
output_len: 4, retokenized_output_len: 40
output_len: 21, retokenized_output_len: 29
output_len: 99, retokenized_output_len: 0
output_len: 15, retokenized_output_len: 4
output_len: 121, retokenized_output_len: 1
output_len: 237, retokenized_output_len: 4
output_len: 314, retokenized_output_len: 0
output_len: 7, retokenized_output_len: 4
output_len: 16, retokenized_output_len: 3
output_len: 61, retokenized_output_len: 5
output_len: 325, retokenized_output_len: 2
output_len: 401, retokenized_output_len: 34
output_len: 14, retokenized_output_len: 0
output_len: 366, retokenized_output_len: 4
output_len: 397, retokenized_output_len: 4
output_len: 55, retokenized_output_len: 3
output_len: 460, retokenized_output_len: 3
output_len: 148, retokenized_output_len: 3
output_len: 13, retokenized_output_len: 4
output_len: 40, retokenized_output_len: 0
output_len: 513, retokenized_output_len: 29
output_len: 63, retokenized_output_len: 29
output_len: 50, retokenized_output_len: 29
output_len: 20, retokenized_output_len: 14
output_len: 13, retokenized_output_len: 30
output_len: 303, retokenized_output_len: 30
output_len: 15, retokenized_output_len: 30
output_len: 23, retokenized_output_len: 16
output_len: 216, retokenized_output_len: 14
output_len: 262, retokenized_output_len: 30
output_len: 390, retokenized_output_len: 18
output_len: 16, retokenized_output_len: 14
output_len: 7, retokenized_output_len: 30
output_len: 339, retokenized_output_len: 28
output_len: 171, retokenized_output_len: 30
output_len: 645, retokenized_output_len: 30
output_len: 5, retokenized_output_len: 25
output_len: 492, retokenized_output_len: 29
output_len: 754, retokenized_output_len: 30
output_len: 6, retokenized_output_len: 30
output_len: 14, retokenized_output_len: 23
output_len: 624, retokenized_output_len: 27
output_len: 89, retokenized_output_len: 30
output_len: 8, retokenized_output_len: 25
output_len: 1328, retokenized_output_len: 18
output_len: 213, retokenized_output_len: 30
output_len: 26, retokenized_output_len: 25
output_len: 305, retokenized_output_len: 29
output_len: 63, retokenized_output_len: 14
output_len: 773, retokenized_output_len: 30
output_len: 332, retokenized_output_len: 30
output_len: 141, retokenized_output_len: 30
output_len: 21, retokenized_output_len: 14
output_len: 5, retokenized_output_len: 30
output_len: 136, retokenized_output_len: 4
output_len: 83, retokenized_output_len: 30
output_len: 29, retokenized_output_len: 30
output_len: 376, retokenized_output_len: 28
output_len: 42, retokenized_output_len: 30
output_len: 20, retokenized_output_len: 30
output_len: 113, retokenized_output_len: 30
output_len: 13, retokenized_output_len: 30
output_len: 99, retokenized_output_len: 30
output_len: 17, retokenized_output_len: 30
output_len: 12, retokenized_output_len: 30
output_len: 51, retokenized_output_len: 30
output_len: 84, retokenized_output_len: 30
output_len: 524, retokenized_output_len: 30
output_len: 24, retokenized_output_len: 29
output_len: 107, retokenized_output_len: 28
output_len: 91, retokenized_output_len: 29
output_len: 782, retokenized_output_len: 30
output_len: 43, retokenized_output_len: 30
output_len: 634, retokenized_output_len: 19
output_len: 47, retokenized_output_len: 30
output_len: 288, retokenized_output_len: 30
output_len: 266, retokenized_output_len: 30
output_len: 47, retokenized_output_len: 30
output_len: 146, retokenized_output_len: 30
output_len: 372, retokenized_output_len: 30
output_len: 575, retokenized_output_len: 29
output_len: 92, retokenized_output_len: 29
output_len: 111, retokenized_output_len: 27
output_len: 715, retokenized_output_len: 30
output_len: 19, retokenized_output_len: 15
output_len: 246, retokenized_output_len: 30
output_len: 264, retokenized_output_len: 28
output_len: 19, retokenized_output_len: 2
output_len: 109, retokenized_output_len: 25
output_len: 62, retokenized_output_len: 30
output_len: 55, retokenized_output_len: 30
output_len: 7, retokenized_output_len: 30
output_len: 327, retokenized_output_len: 29
output_len: 239, retokenized_output_len: 28
output_len: 427, retokenized_output_len: 29
output_len: 32, retokenized_output_len: 30
output_len: 1054, retokenized_output_len: 30
output_len: 58, retokenized_output_len: 30
output_len: 162, retokenized_output_len: 29
output_len: 10, retokenized_output_len: 30
output_len: 58, retokenized_output_len: 14
output_len: 5, retokenized_output_len: 29
output_len: 431, retokenized_output_len: 30
output_len: 256, retokenized_output_len: 30
output_len: 389, retokenized_output_len: 29
output_len: 147, retokenized_output_len: 30
output_len: 103, retokenized_output_len: 29
output_len: 11, retokenized_output_len: 14
output_len: 31, retokenized_output_len: 30
output_len: 388, retokenized_output_len: 30
output_len: 83, retokenized_output_len: 30
output_len: 342, retokenized_output_len: 30
output_len: 199, retokenized_output_len: 28
output_len: 16, retokenized_output_len: 30
output_len: 442, retokenized_output_len: 30
output_len: 216, retokenized_output_len: 30
output_len: 301, retokenized_output_len: 28
output_len: 7, retokenized_output_len: 30
output_len: 757, retokenized_output_len: 30
output_len: 308, retokenized_output_len: 28
output_len: 8, retokenized_output_len: 17
output_len: 290, retokenized_output_len: 30
output_len: 634, retokenized_output_len: 30
output_len: 358, retokenized_output_len: 30
output_len: 429, retokenized_output_len: 30
output_len: 453, retokenized_output_len: 30
output_len: 22, retokenized_output_len: 30
output_len: 58, retokenized_output_len: 16
output_len: 486, retokenized_output_len: 30
output_len: 395, retokenized_output_len: 30
output_len: 524, retokenized_output_len: 29
output_len: 489, retokenized_output_len: 4
output_len: 35, retokenized_output_len: 18
output_len: 10, retokenized_output_len: 30
output_len: 647, retokenized_output_len: 29
output_len: 502, retokenized_output_len: 30
output_len: 486, retokenized_output_len: 30
output_len: 14, retokenized_output_len: 29
output_len: 12, retokenized_output_len: 14
output_len: 101, retokenized_output_len: 30
output_len: 32, retokenized_output_len: 29
output_len: 22, retokenized_output_len: 30
output_len: 351, retokenized_output_len: 29
output_len: 305, retokenized_output_len: 29
output_len: 355, retokenized_output_len: 30
output_len: 492, retokenized_output_len: 30
output_len: 423, retokenized_output_len: 30
output_len: 804, retokenized_output_len: 30
output_len: 333, retokenized_output_len: 30
output_len: 12, retokenized_output_len: 30
output_len: 668, retokenized_output_len: 30
output_len: 298, retokenized_output_len: 28
output_len: 506, retokenized_output_len: 14
output_len: 329, retokenized_output_len: 5
output_len: 4, retokenized_output_len: 29
output_len: 424, retokenized_output_len: 30
output_len: 138, retokenized_output_len: 29
output_len: 35, retokenized_output_len: 17
output_len: 29, retokenized_output_len: 30
output_len: 1263, retokenized_output_len: 30
output_len: 7, retokenized_output_len: 29
output_len: 19, retokenized_output_len: 14
output_len: 426, retokenized_output_len: 30
output_len: 251, retokenized_output_len: 30
output_len: 121, retokenized_output_len: 30
output_len: 487, retokenized_output_len: 30
output_len: 349, retokenized_output_len: 4
output_len: 569, retokenized_output_len: 28
output_len: 43, retokenized_output_len: 29
output_len: 123, retokenized_output_len: 30
output_len: 12, retokenized_output_len: 30
output_len: 627, retokenized_output_len: 30
output_len: 161, retokenized_output_len: 14
output_len: 8, retokenized_output_len: 30
output_len: 263, retokenized_output_len: 0
output_len: 71, retokenized_output_len: 29
output_len: 76, retokenized_output_len: 29
output_len: 246, retokenized_output_len: 28
output_len: 754, retokenized_output_len: 25
output_len: 13, retokenized_output_len: 30
output_len: 181, retokenized_output_len: 30
output_len: 263, retokenized_output_len: 28
output_len: 230, retokenized_output_len: 28
output_len: 7, retokenized_output_len: 17
output_len: 308, retokenized_output_len: 30
output_len: 162, retokenized_output_len: 28
output_len: 29, retokenized_output_len: 18
output_len: 444, retokenized_output_len: 30
output_len: 928, retokenized_output_len: 30
output_len: 173, retokenized_output_len: 30
output_len: 48, retokenized_output_len: 30
output_len: 6, retokenized_output_len: 16
output_len: 270, retokenized_output_len: 30
output_len: 4, retokenized_output_len: 30
output_len: 404, retokenized_output_len: 0
output_len: 376, retokenized_output_len: 29
output_len: 70, retokenized_output_len: 30
output_len: 5, retokenized_output_len: 18
output_len: 11, retokenized_output_len: 29
output_len: 551, retokenized_output_len: 29
output_len: 8, retokenized_output_len: 30
output_len: 395, retokenized_output_len: 5
output_len: 151, retokenized_output_len: 30
output_len: 114, retokenized_output_len: 28
output_len: 956, retokenized_output_len: 30
output_len: 23, retokenized_output_len: 30
output_len: 15, retokenized_output_len: 30
output_len: 11, retokenized_output_len: 30
output_len: 425, retokenized_output_len: 30
output_len: 38, retokenized_output_len: 29
output_len: 16, retokenized_output_len: 28
output_len: 13, retokenized_output_len: 20
output_len: 12, retokenized_output_len: 30
output_len: 213, retokenized_output_len: 30
output_len: 713, retokenized_output_len: 11
output_len: 22, retokenized_output_len: 30
output_len: 173, retokenized_output_len: 30
output_len: 623, retokenized_output_len: 21
output_len: 485, retokenized_output_len: 2
output_len: 9, retokenized_output_len: 30
output_len: 1001, retokenized_output_len: 30
output_len: 5, retokenized_output_len: 14
output_len: 109, retokenized_output_len: 30
output_len: 449, retokenized_output_len: 30
output_len: 14, retokenized_output_len: 30
output_len: 120, retokenized_output_len: 28
output_len: 78, retokenized_output_len: 30
output_len: 14, retokenized_output_len: 30
output_len: 154, retokenized_output_len: 30
output_len: 67, retokenized_output_len: 30
output_len: 19, retokenized_output_len: 15
output_len: 169, retokenized_output_len: 4
output_len: 23, retokenized_output_len: 29
output_len: 57, retokenized_output_len: 30
output_len: 25, retokenized_output_len: 30
output_len: 131, retokenized_output_len: 29
output_len: 339, retokenized_output_len: 29
output_len: 415, retokenized_output_len: 30
output_len: 355, retokenized_output_len: 30
output_len: 890, retokenized_output_len: 29
output_len: 287, retokenized_output_len: 28
output_len: 18, retokenized_output_len: 29
output_len: 374, retokenized_output_len: 30
output_len: 651, retokenized_output_len: 5
output_len: 563, retokenized_output_len: 30
output_len: 448, retokenized_output_len: 30
output_len: 8, retokenized_output_len: 14
output_len: 255, retokenized_output_len: 28
output_len: 49, retokenized_output_len: 30
output_len: 5, retokenized_output_len: 29
output_len: 113, retokenized_output_len: 5
output_len: 235, retokenized_output_len: 4
output_len: 36, retokenized_output_len: 28
output_len: 344, retokenized_output_len: 2
output_len: 17, retokenized_output_len: 30
output_len: 196, retokenized_output_len: 30
output_len: 845, retokenized_output_len: 29
output_len: 53, retokenized_output_len: 2
output_len: 348, retokenized_output_len: 28
output_len: 390, retokenized_output_len: 4
output_len: 7, retokenized_output_len: 30
output_len: 25, retokenized_output_len: 30
output_len: 157, retokenized_output_len: 30
output_len: 14, retokenized_output_len: 29
output_len: 254, retokenized_output_len: 30
output_len: 15, retokenized_output_len: 16
output_len: 53, retokenized_output_len: 29
output_len: 18, retokenized_output_len: 30
output_len: 47, retokenized_output_len: 30
output_len: 87, retokenized_output_len: 30
output_len: 15, retokenized_output_len: 30
output_len: 66, retokenized_output_len: 30
output_len: 5, retokenized_output_len: 25
output_len: 18, retokenized_output_len: 16
output_len: 8, retokenized_output_len: 24
output_len: 9, retokenized_output_len: 14
output_len: 260, retokenized_output_len: 30
output_len: 223, retokenized_output_len: 2
output_len: 17, retokenized_output_len: 14
output_len: 478, retokenized_output_len: 29
output_len: 23, retokenized_output_len: 16
output_len: 60, retokenized_output_len: 31
output_len: 23, retokenized_output_len: 12
output_len: 756, retokenized_output_len: 26
output_len: 571, retokenized_output_len: 25
output_len: 5, retokenized_output_len: 25
output_len: 47, retokenized_output_len: 25
output_len: 300, retokenized_output_len: 27
output_len: 8, retokenized_output_len: 17
output_len: 816, retokenized_output_len: 27
output_len: 543, retokenized_output_len: 25
output_len: 102, retokenized_output_len: 27
output_len: 621, retokenized_output_len: 26
output_len: 609, retokenized_output_len: 4
output_len: 1637, retokenized_output_len: 32
output_len: 26, retokenized_output_len: 34
output_len: 830, retokenized_output_len: 32
output_len: 5, retokenized_output_len: 29
output_len: 744, retokenized_output_len: 30
output_len: 35, retokenized_output_len: 30
output_len: 737, retokenized_output_len: 4
output_len: 778, retokenized_output_len: 26
output_len: 223, retokenized_output_len: 27
output_len: 471, retokenized_output_len: 27
output_len: 8, retokenized_output_len: 30
output_len: 125, retokenized_output_len: 29
output_len: 258, retokenized_output_len: 2
output_len: 383, retokenized_output_len: 30
output_len: 444, retokenized_output_len: 5
output_len: 41, retokenized_output_len: 30
output_len: 882, retokenized_output_len: 30
output_len: 55, retokenized_output_len: 29
output_len: 121, retokenized_output_len: 30
output_len: 14, retokenized_output_len: 27
output_len: 20, retokenized_output_len: 27
output_len: 183, retokenized_output_len: 26
output_len: 342, retokenized_output_len: 1
output_len: 32, retokenized_output_len: 15
output_len: 151, retokenized_output_len: 25
output_len: 841, retokenized_output_len: 27
output_len: 54, retokenized_output_len: 26
output_len: 72, retokenized_output_len: 15
output_len: 401, retokenized_output_len: 26
output_len: 139, retokenized_output_len: 34
output_len: 27, retokenized_output_len: 36
output_len: 126, retokenized_output_len: 3
output_len: 357, retokenized_output_len: 5
output_len: 16, retokenized_output_len: 32
output_len: 381, retokenized_output_len: 2
output_len: 372, retokenized_output_len: 30
output_len: 306, retokenized_output_len: 28
output_len: 701, retokenized_output_len: 29
output_len: 16, retokenized_output_len: 27
output_len: 120, retokenized_output_len: 26
output_len: 137, retokenized_output_len: 25
output_len: 374, retokenized_output_len: 0
output_len: 181, retokenized_output_len: 3
output_len: 12, retokenized_output_len: 31
output_len: 778, retokenized_output_len: 30
output_len: 901, retokenized_output_len: 31
output_len: 31, retokenized_output_len: 31
output_len: 13, retokenized_output_len: 30
output_len: 10, retokenized_output_len: 29
output_len: 725, retokenized_output_len: 4
output_len: 7, retokenized_output_len: 30
output_len: 46, retokenized_output_len: 14
output_len: 47, retokenized_output_len: 15
output_len: 184, retokenized_output_len: 30
output_len: 356, retokenized_output_len: 26
output_len: 588, retokenized_output_len: 26
output_len: 26, retokenized_output_len: 39
output_len: 30, retokenized_output_len: 36
output_len: 33, retokenized_output_len: 34
output_len: 278, retokenized_output_len: 32
output_len: 21, retokenized_output_len: 29
output_len: 274, retokenized_output_len: 25
output_len: 45, retokenized_output_len: 40
output_len: 13, retokenized_output_len: 38
output_len: 16, retokenized_output_len: 34
output_len: 8, retokenized_output_len: 27
output_len: 5, retokenized_output_len: 27
output_len: 5, retokenized_output_len: 40
output_len: 257, retokenized_output_len: 40
output_len: 14, retokenized_output_len: 36
output_len: 95, retokenized_output_len: 38
output_len: 539, retokenized_output_len: 32
output_len: 35, retokenized_output_len: 25
output_len: 44, retokenized_output_len: 12
output_len: 17, retokenized_output_len: 26
output_len: 528, retokenized_output_len: 26
output_len: 73, retokenized_output_len: 5
output_len: 100, retokenized_output_len: 38
output_len: 12, retokenized_output_len: 14
output_len: 103, retokenized_output_len: 14
output_len: 256, retokenized_output_len: 28
output_len: 15, retokenized_output_len: 29
output_len: 13, retokenized_output_len: 30
output_len: 31, retokenized_output_len: 29
output_len: 406, retokenized_output_len: 28
output_len: 195, retokenized_output_len: 30
output_len: 163, retokenized_output_len: 30
output_len: 62, retokenized_output_len: 29
output_len: 359, retokenized_output_len: 30
output_len: 36, retokenized_output_len: 17
output_len: 8, retokenized_output_len: 14
output_len: 210, retokenized_output_len: 30
output_len: 419, retokenized_output_len: 30
output_len: 70, retokenized_output_len: 28
output_len: 633, retokenized_output_len: 28
output_len: 24, retokenized_output_len: 30
output_len: 426, retokenized_output_len: 28
output_len: 8, retokenized_output_len: 30
output_len: 292, retokenized_output_len: 30
output_len: 282, retokenized_output_len: 30
output_len: 62, retokenized_output_len: 30
output_len: 15, retokenized_output_len: 30
output_len: 321, retokenized_output_len: 30
output_len: 129, retokenized_output_len: 30
output_len: 396, retokenized_output_len: 30
output_len: 1002, retokenized_output_len: 29
output_len: 193, retokenized_output_len: 30
output_len: 321, retokenized_output_len: 28
output_len: 85, retokenized_output_len: 30
output_len: 142, retokenized_output_len: 29
output_len: 51, retokenized_output_len: 30
output_len: 28, retokenized_output_len: 28
output_len: 184, retokenized_output_len: 30
output_len: 79, retokenized_output_len: 30
output_len: 141, retokenized_output_len: 29
output_len: 673, retokenized_output_len: 30
output_len: 82, retokenized_output_len: 28
output_len: 16, retokenized_output_len: 26
output_len: 15, retokenized_output_len: 30
output_len: 81, retokenized_output_len: 30
output_len: 170, retokenized_output_len: 29
output_len: 286, retokenized_output_len: 29
output_len: 379, retokenized_output_len: 30
output_len: 256, retokenized_output_len: 30
output_len: 292, retokenized_output_len: 30
output_len: 888, retokenized_output_len: 14
output_len: 262, retokenized_output_len: 30
output_len: 59, retokenized_output_len: 30
output_len: 161, retokenized_output_len: 29
output_len: 235, retokenized_output_len: 28
output_len: 329, retokenized_output_len: 30
output_len: 11, retokenized_output_len: 14
output_len: 110, retokenized_output_len: 30
output_len: 763, retokenized_output_len: 30
output_len: 382, retokenized_output_len: 29
output_len: 360, retokenized_output_len: 29
output_len: 500, retokenized_output_len: 30
output_len: 134, retokenized_output_len: 30
output_len: 833, retokenized_output_len: 30
output_len: 9, retokenized_output_len: 30
output_len: 7, retokenized_output_len: 14
output_len: 14, retokenized_output_len: 25
output_len: 436, retokenized_output_len: 30
output_len: 107, retokenized_output_len: 30
output_len: 236, retokenized_output_len: 28
output_len: 6, retokenized_output_len: 21
output_len: 16, retokenized_output_len: 14
output_len: 223, retokenized_output_len: 28
output_len: 920, retokenized_output_len: 40
output_len: 18, retokenized_output_len: 29
output_len: 256, retokenized_output_len: 30
output_len: 64, retokenized_output_len: 28
output_len: 8, retokenized_output_len: 30
output_len: 589, retokenized_output_len: 28
output_len: 14, retokenized_output_len: 30
output_len: 17, retokenized_output_len: 15
output_len: 554, retokenized_output_len: 30
output_len: 240, retokenized_output_len: 30
output_len: 50, retokenized_output_len: 11
output_len: 148, retokenized_output_len: 14
output_len: 578, retokenized_output_len: 30
output_len: 752, retokenized_output_len: 30
output_len: 385, retokenized_output_len: 18
output_len: 310, retokenized_output_len: 30
output_len: 5, retokenized_output_len: 30
output_len: 787, retokenized_output_len: 30
output_len: 12, retokenized_output_len: 30
output_len: 181, retokenized_output_len: 30
output_len: 25, retokenized_output_len: 14
output_len: 446, retokenized_output_len: 30
output_len: 81, retokenized_output_len: 29
output_len: 432, retokenized_output_len: 28
output_len: 903, retokenized_output_len: 30
output_len: 420, retokenized_output_len: 14
output_len: 111, retokenized_output_len: 30
output_len: 619, retokenized_output_len: 30
output_len: 31, retokenized_output_len: 14
output_len: 17, retokenized_output_len: 14
output_len: 22, retokenized_output_len: 16
output_len: 7, retokenized_output_len: 14
output_len: 37, retokenized_output_len: 30
output_len: 53, retokenized_output_len: 30
output_len: 331, retokenized_output_len: 28
output_len: 91, retokenized_output_len: 29
output_len: 10, retokenized_output_len: 17
output_len: 143, retokenized_output_len: 30
output_len: 17, retokenized_output_len: 29
output_len: 189, retokenized_output_len: 30
output_len: 46, retokenized_output_len: 29
output_len: 37, retokenized_output_len: 30
output_len: 771, retokenized_output_len: 28
output_len: 383, retokenized_output_len: 29
output_len: 627, retokenized_output_len: 29
output_len: 378, retokenized_output_len: 30
output_len: 42, retokenized_output_len: 30
output_len: 21, retokenized_output_len: 29
output_len: 38, retokenized_output_len: 30
output_len: 50, retokenized_output_len: 29
output_len: 192, retokenized_output_len: 28
output_len: 576, retokenized_output_len: 30
output_len: 355, retokenized_output_len: 3
output_len: 710, retokenized_output_len: 14
output_len: 224, retokenized_output_len: 4
output_len: 358, retokenized_output_len: 30
output_len: 71, retokenized_output_len: 29
output_len: 17, retokenized_output_len: 15
output_len: 258, retokenized_output_len: 3
output_len: 319, retokenized_output_len: 30
output_len: 23, retokenized_output_len: 4
output_len: 398, retokenized_output_len: 30
output_len: 397, retokenized_output_len: 0
output_len: 19, retokenized_output_len: 30
output_len: 29, retokenized_output_len: 40
output_len: 329, retokenized_output_len: 30
output_len: 522, retokenized_output_len: 36
output_len: 743, retokenized_output_len: 30
output_len: 271, retokenized_output_len: 30
output_len: 16, retokenized_output_len: 29
output_len: 298, retokenized_output_len: 26
output_len: 286, retokenized_output_len: 30
output_len: 28, retokenized_output_len: 4
output_len: 32, retokenized_output_len: 5
output_len: 319, retokenized_output_len: 4
output_len: 275, retokenized_output_len: 0
output_len: 261, retokenized_output_len: 30
output_len: 10, retokenized_output_len: 3
output_len: 8, retokenized_output_len: 0
output_len: 297, retokenized_output_len: 27
output_len: 11, retokenized_output_len: 20
output_len: 230, retokenized_output_len: 0
output_len: 25, retokenized_output_len: 30
output_len: 524, retokenized_output_len: 27
output_len: 28, retokenized_output_len: 30
output_len: 116, retokenized_output_len: 27
output_len: 232, retokenized_output_len: 4
output_len: 231, retokenized_output_len: 40
output_len: 359, retokenized_output_len: 16
output_len: 307, retokenized_output_len: 35
output_len: 467, retokenized_output_len: 0
output_len: 316, retokenized_output_len: 30
output_len: 702, retokenized_output_len: 32
output_len: 373, retokenized_output_len: 40
output_len: 4, retokenized_output_len: 22
output_len: 449, retokenized_output_len: 30
output_len: 32, retokenized_output_len: 6
output_len: 366, retokenized_output_len: 31
output_len: 173, retokenized_output_len: 32
output_len: 118, retokenized_output_len: 28
output_len: 365, retokenized_output_len: 5
output_len: 444, retokenized_output_len: 4
output_len: 139, retokenized_output_len: 4
output_len: 17, retokenized_output_len: 0
output_len: 294, retokenized_output_len: 5
output_len: 12, retokenized_output_len: 14
output_len: 138, retokenized_output_len: 26
output_len: 336, retokenized_output_len: 0
output_len: 160, retokenized_output_len: 27
output_len: 44, retokenized_output_len: 14
output_len: 378, retokenized_output_len: 40
output_len: 407, retokenized_output_len: 28
output_len: 738, retokenized_output_len: 19
output_len: 244, retokenized_output_len: 18
output_len: 278, retokenized_output_len: 0
output_len: 78, retokenized_output_len: 11
output_len: 251, retokenized_output_len: 0
output_len: 39, retokenized_output_len: 7
output_len: 8, retokenized_output_len: 30
output_len: 320, retokenized_output_len: 5
output_len: 8, retokenized_output_len: 2
output_len: 12, retokenized_output_len: 5
output_len: 591, retokenized_output_len: 1
output_len: 164, retokenized_output_len: 4
output_len: 477, retokenized_output_len: 27
output_len: 308, retokenized_output_len: 0
output_len: 367, retokenized_output_len: 0
output_len: 26, retokenized_output_len: 5
output_len: 463, retokenized_output_len: 0
output_len: 167, retokenized_output_len: 0
output_len: 197, retokenized_output_len: 27
output_len: 19, retokenized_output_len: 0
output_len: 456, retokenized_output_len: 4
output_len: 214, retokenized_output_len: 26
output_len: 260, retokenized_output_len: 27
output_len: 13, retokenized_output_len: 17
output_len: 43, retokenized_output_len: 14
output_len: 325, retokenized_output_len: 25
output_len: 28, retokenized_output_len: 27
output_len: 293, retokenized_output_len: 27
output_len: 53, retokenized_output_len: 32
output_len: 288, retokenized_output_len: 30
output_len: 24, retokenized_output_len: 30
output_len: 744, retokenized_output_len: 4
output_len: 15, retokenized_output_len: 4
output_len: 408, retokenized_output_len: 32
output_len: 278, retokenized_output_len: 0
output_len: 293, retokenized_output_len: 4
output_len: 49, retokenized_output_len: 5
output_len: 270, retokenized_output_len: 4
output_len: 8, retokenized_output_len: 32
output_len: 13, retokenized_output_len: 32
output_len: 874, retokenized_output_len: 27
output_len: 144, retokenized_output_len: 5
output_len: 425, retokenized_output_len: 0
output_len: 13, retokenized_output_len: 30
output_len: 269, retokenized_output_len: 4
output_len: 207, retokenized_output_len: 22
output_len: 433, retokenized_output_len: 30
output_len: 300, retokenized_output_len: 0
output_len: 4, retokenized_output_len: 25
output_len: 28, retokenized_output_len: 26
output_len: 103, retokenized_output_len: 4
output_len: 14, retokenized_output_len: 26
output_len: 55, retokenized_output_len: 27
output_len: 10, retokenized_output_len: 12
output_len: 534, retokenized_output_len: 3
output_len: 393, retokenized_output_len: 0
output_len: 36, retokenized_output_len: 30
output_len: 232, retokenized_output_len: 0
output_len: 10, retokenized_output_len: 0
output_len: 235, retokenized_output_len: 29
output_len: 75, retokenized_output_len: 4
output_len: 306, retokenized_output_len: 27
output_len: 64, retokenized_output_len: 3
output_len: 33, retokenized_output_len: 27
output_len: 264, retokenized_output_len: 3
output_len: 354, retokenized_output_len: 3
output_len: 318, retokenized_output_len: 5
output_len: 600, retokenized_output_len: 17
output_len: 145, retokenized_output_len: 0
output_len: 77, retokenized_output_len: 0
output_len: 256, retokenized_output_len: 0
output_len: 35, retokenized_output_len: 5
output_len: 37, retokenized_output_len: 27
output_len: 425, retokenized_output_len: 0
output_len: 319, retokenized_output_len: 20
output_len: 5, retokenized_output_len: 5
output_len: 909, retokenized_output_len: 0
output_len: 391, retokenized_output_len: 4
output_len: 496, retokenized_output_len: 0
output_len: 837, retokenized_output_len: 0
output_len: 111, retokenized_output_len: 2
output_len: 17, retokenized_output_len: 0
output_len: 25, retokenized_output_len: 2
output_len: 35, retokenized_output_len: 2
output_len: 19, retokenized_output_len: 0
output_len: 361, retokenized_output_len: 1
output_len: 322, retokenized_output_len: 1
output_len: 11, retokenized_output_len: 0
output_len: 275, retokenized_output_len: 1
output_len: 83, retokenized_output_len: 2
output_len: 269, retokenized_output_len: 2
output_len: 493, retokenized_output_len: 2
output_len: 437, retokenized_output_len: 0
output_len: 12, retokenized_output_len: 0
output_len: 298, retokenized_output_len: 2
output_len: 545, retokenized_output_len: 2
output_len: 241, retokenized_output_len: 1
output_len: 27, retokenized_output_len: 1
output_len: 400, retokenized_output_len: 2
output_len: 834, retokenized_output_len: 2
output_len: 288, retokenized_output_len: 1
output_len: 27, retokenized_output_len: 2
output_len: 432, retokenized_output_len: 2
output_len: 655, retokenized_output_len: 2
output_len: 193, retokenized_output_len: 2
output_len: 7, retokenized_output_len: 1
output_len: 241, retokenized_output_len: 1
output_len: 132, retokenized_output_len: 2
output_len: 191, retokenized_output_len: 2
output_len: 859, retokenized_output_len: 1
output_len: 5, retokenized_output_len: 2
output_len: 740, retokenized_output_len: 1
output_len: 296, retokenized_output_len: 1
output_len: 76, retokenized_output_len: 2
output_len: 450, retokenized_output_len: 2
output_len: 419, retokenized_output_len: 2
output_len: 33, retokenized_output_len: 1
output_len: 339, retokenized_output_len: 2
output_len: 25, retokenized_output_len: 2
output_len: 93, retokenized_output_len: 2
output_len: 167, retokenized_output_len: 1
output_len: 255, retokenized_output_len: 2
output_len: 491, retokenized_output_len: 1
output_len: 18, retokenized_output_len: 2
output_len: 241, retokenized_output_len: 2
output_len: 254, retokenized_output_len: 1
output_len: 98, retokenized_output_len: 1
output_len: 8, retokenized_output_len: 2
output_len: 104, retokenized_output_len: 2
output_len: 636, retokenized_output_len: 2
output_len: 12, retokenized_output_len: 1
output_len: 124, retokenized_output_len: 2
output_len: 344, retokenized_output_len: 2
output_len: 768, retokenized_output_len: 2
output_len: 477, retokenized_output_len: 1
output_len: 413, retokenized_output_len: 1
output_len: 787, retokenized_output_len: 1
output_len: 10, retokenized_output_len: 1
============================================================
Successful requests:                     727       
Benchmark duration (s):                  100.29    
Request rate (rps):                      50.00     
Total input tokens:                      174670    
Total generated tokens:                  170711    
Total generated tokens (retokenized):    15171     
Request throughput (req/s):              7.25      
Input token throughput (tok/s):          1741.59   
Output token throughput (tok/s):         1702.12   
----------------End-to-End Latency----------------
Mean E2E Latency (ms):                   25326.73  
Median E2E Latency (ms):                 17491.08  
---------------Time to First Token----------------
Mean TTFT (ms):                          0.00      
Median TTFT (ms):                        0.00      
P99 TTFT (ms):                           0.00      
TTFT SLO (700.000000):                   1.00      
-----Time per Output Token (excl. 1st token)------
Mean TPOT (ms):                          752.98    
Median TPOT (ms):                        145.46    
P99 TPOT (ms):                           7382.92   
TPOT SLO (100.000000):                   0.40      
---------------Inter-token Latency----------------
Mean ITL (ms):                           0.00      
Median ITL (ms):                         0.00      
P99 ITL (ms):                            0.00      
==================================================
